scenario_id,disruption_type,severity,disrupted_port_id,disrupted_port,manufacturer_id,manufacturer,product_id,product,route,warehouse_id,warehouse,market_id,market,impact_score,delay_days
1,INFRASTRUCTURE_FAILURE,0.5,PORT003,Rotterdam Port,MAN001,TSMC,PROD001,Advanced Semiconductor,Taipei-Rotterdam Route,WH001,Amsterdam Distribution Center,MARKET001,European Consumer Market,0.2389,10.75
1,INFRASTRUCTURE_FAILURE,0.5,PORT003,Rotterdam Port,MAN002,Samsung Electronics,PROD002,Memory Chip,Shanghai-Rotterdam Route,WH001,Amsterdam Distribution Center,MARKET001,European Consumer Market,0.2445,11.0
1,INFRASTRUCTURE_FAILURE,0.5,PORT003,Rotterdam Port,MAN004,Foxconn,PROD004,Smartphone,Shanghai-Rotterdam Route,WH001,Amsterdam Distribution Center,MARKET001,European Consumer Market,0.2447,11.01
1,INFRASTRUCTURE_FAILURE,0.5,PORT003,Rotterdam Port,MAN004,Foxconn,PROD005,Laptop,Shanghai-Rotterdam Route,WH001,Amsterdam Distribution Center,MARKET001,European Consumer Market,0.2447,11.01
1,INFRASTRUCTURE_FAILURE,0.5,PORT003,Rotterdam Port,MAN003,Infineon Technologies,PROD003,Automotive Chip,Hamburg-Rotterdam Route,WH001,Amsterdam Distribution Center,MARKET001,European Consumer Market,0.1595,7.18
2,PORT_CLOSURE,0.95,PORT003,Rotterdam Port,MAN001,TSMC,PROD001,Advanced Semiconductor,Taipei-Rotterdam Route,WH001,Amsterdam Distribution Center,MARKET001,European Consumer Market,0.392,17.64
2,PORT_CLOSURE,0.95,PORT003,Rotterdam Port,MAN002,Samsung Electronics,PROD002,Memory Chip,Shanghai-Rotterdam Route,WH001,Amsterdam Distribution Center,MARKET001,European Consumer Market,0.3987,17.94
2,PORT_CLOSURE,0.95,PORT003,Rotterdam Port,MAN004,Foxconn,PROD004,Smartphone,Shanghai-Rotterdam Route,WH001,Amsterdam Distribution Center,MARKET001,European Consumer Market,0.3988,17.95
2,PORT_CLOSURE,0.95,PORT003,Rotterdam Port,MAN004,Foxconn,PROD005,Laptop,Shanghai-Rotterdam Route,WH001,Amsterdam Distribution Center,MARKET001,European Consumer Market,0.3988,17.95
2,PORT_CLOSURE,0.95,PORT003,Rotterdam Port,MAN003,Infineon Technologies,PROD003,Automotive Chip,Hamburg-Rotterdam Route,WH001,Amsterdam Distribution Center,MARKET001,European Consumer Market,0.2982,13.42
3,PORT_CLOSURE,0.81,PORT005,Los Angeles Port,MAN001,TSMC,PROD001,Advanced Semiconductor,Taipei-Los Angeles Route,WH002,Chicago Distribution Center,MARKET002,North American Consumer Market,0.3472,15.62
3,PORT_CLOSURE,0.81,PORT005,Los Angeles Port,MAN002,Samsung Electronics,PROD002,Memory Chip,Shanghai-Los Angeles Route,WH002,Chicago Distribution Center,MARKET002,North American Consumer Market,0.3379,15.21
3,PORT_CLOSURE,0.81,PORT005,Los Angeles Port,MAN004,Foxconn,PROD004,Smartphone,Shanghai-Los Angeles Route,WH002,Chicago Distribution Center,MARKET002,North American Consumer Market,0.338,15.21
3,PORT_CLOSURE,0.81,PORT005,Los Angeles Port,MAN004,Foxconn,PROD005,Laptop,Shanghai-Los Angeles Route,WH002,Chicago Distribution Center,MARKET002,North American Consumer Market,0.338,15.21
3,PORT_CLOSURE,0.81,PORT005,Los Angeles Port,MAN001,TSMC,PROD001,Advanced Semiconductor,Taipei-Los Angeles Route,WH004,Los Angeles Distribution Center,MARKET002,North American Consumer Market,0.3472,15.62
3,PORT_CLOSURE,0.81,PORT005,Los Angeles Port,MAN002,Samsung Electronics,PROD002,Memory Chip,Shanghai-Los Angeles Route,WH004,Los Angeles Distribution Center,MARKET002,North American Consumer Market,0.3379,15.21
3,PORT_CLOSURE,0.81,PORT005,Los Angeles Port,MAN004,Foxconn,PROD004,Smartphone,Shanghai-Los Angeles Route,WH004,Los Angeles Distribution Center,MARKET002,North American Consumer Market,0.338,15.21
3,PORT_CLOSURE,0.81,PORT005,Los Angeles Port,MAN004,Foxconn,PROD005,Laptop,Shanghai-Los Angeles Route,WH004,Los Angeles Distribution Center,MARKET002,North American Consumer Market,0.338,15.21
4,PORT_CLOSURE,0.95,PORT005,Los Angeles Port,MAN001,TSMC,PROD001,Advanced Semiconductor,Taipei-Los Angeles Route,WH002,Chicago Distribution Center,MARKET002,North American Consumer Market,0.3813,17.16
4,PORT_CLOSURE,0.95,PORT005,Los Angeles Port,MAN002,Samsung Electronics,PROD002,Memory Chip,Shanghai-Los Angeles Route,WH002,Chicago Distribution Center,MARKET002,North American Consumer Market,0.372,16.74
4,PORT_CLOSURE,0.95,PORT005,Los Angeles Port,MAN004,Foxconn,PROD004,Smartphone,Shanghai-Los Angeles Route,WH002,Chicago Distribution Center,MARKET002,North American Consumer Market,0.3721,16.74
4,PORT_CLOSURE,0.95,PORT005,Los Angeles Port,MAN004,Foxconn,PROD005,Laptop,Shanghai-Los Angeles Route,WH002,Chicago Distribution Center,MARKET002,North American Consumer Market,0.3721,16.74
4,PORT_CLOSURE,0.95,PORT005,Los Angeles Port,MAN001,TSMC,PROD001,Advanced Semiconductor,Taipei-Los Angeles Route,WH004,Los Angeles Distribution Center,MARKET002,North American Consumer Market,0.3813,17.16
4,PORT_CLOSURE,0.95,PORT005,Los Angeles Port,MAN002,Samsung Electronics,PROD002,Memory Chip,Shanghai-Los Angeles Route,WH004,Los Angeles Distribution Center,MARKET002,North American Consumer Market,0.372,16.74
4,PORT_CLOSURE,0.95,PORT005,Los Angeles Port,MAN004,Foxconn,PROD004,Smartphone,Shanghai-Los Angeles Route,WH004,Los Angeles Distribution Center,MARKET002,North American Consumer Market,0.3721,16.74
4,PORT_CLOSURE,0.95,PORT005,Los Angeles Port,MAN004,Foxconn,PROD005,Laptop,Shanghai-Los Angeles Route,WH004,Los Angeles Distribution Center,MARKET002,North American Consumer Market,0.3721,16.74
5,SEVERE_WEATHER,0.43,PORT005,Los Angeles Port,MAN001,TSMC,PROD001,Advanced Semiconductor,Taipei-Los Angeles Route,WH002,Chicago Distribution Center,MARKET002,North American Consumer Market,0.2252,10.13
5,SEVERE_WEATHER,0.43,PORT005,Los Angeles Port,MAN002,Samsung Electronics,PROD002,Memory Chip,Shanghai-Los Angeles Route,WH002,Chicago Distribution Center,MARKET002,North American Consumer Market,0.2169,9.76
5,SEVERE_WEATHER,0.43,PORT005,Los Angeles Port,MAN004,Foxconn,PROD004,Smartphone,Shanghai-Los Angeles Route,WH002,Chicago Distribution Center,MARKET002,North American Consumer Market,0.2171,9.77
5,SEVERE_WEATHER,0.43,PORT005,Los Angeles Port,MAN004,Foxconn,PROD005,Laptop,Shanghai-Los Angeles Route,WH002,Chicago Distribution Center,MARKET002,North American Consumer Market,0.2171,9.77
5,SEVERE_WEATHER,0.43,PORT005,Los Angeles Port,MAN001,TSMC,PROD001,Advanced Semiconductor,Taipei-Los Angeles Route,WH004,Los Angeles Distribution Center,MARKET002,North American Consumer Market,0.2252,10.13
5,SEVERE_WEATHER,0.43,PORT005,Los Angeles Port,MAN002,Samsung Electronics,PROD002,Memory Chip,Shanghai-Los Angeles Route,WH004,Los Angeles Distribution Center,MARKET002,North American Consumer Market,0.2169,9.76
5,SEVERE_WEATHER,0.43,PORT005,Los Angeles Port,MAN004,Foxconn,PROD004,Smartphone,Shanghai-Los Angeles Route,WH004,Los Angeles Distribution Center,MARKET002,North American Consumer Market,0.2171,9.77
5,SEVERE_WEATHER,0.43,PORT005,Los Angeles Port,MAN004,Foxconn,PROD005,Laptop,Shanghai-Los Angeles Route,WH004,Los Angeles Distribution Center,MARKET002,North American Consumer Market,0.2171,9.77
6,PORT_STRIKE,0.5,PORT003,Rotterdam Port,MAN001,TSMC,PROD001,Advanced Semiconductor,Taipei-Rotterdam Route,WH001,Amsterdam Distribution Center,MARKET001,European Consumer Market,0.2172,9.77
6,PORT_STRIKE,0.5,PORT003,Rotterdam Port,MAN002,Samsung Electronics,PROD002,Memory Chip,Shanghai-Rotterdam Route,WH001,Amsterdam Distribution Center,MARKET001,European Consumer Market,0.2223,10.0
6,PORT_STRIKE,0.5,PORT003,Rotterdam Port,MAN004,Foxconn,PROD004,Smartphone,Shanghai-Rotterdam Route,WH001,Amsterdam Distribution Center,MARKET001,European Consumer Market,0.2224,10.01
6,PORT_STRIKE,0.5,PORT003,Rotterdam Port,MAN004,Foxconn,PROD005,Laptop,Shanghai-Rotterdam Route,WH001,Amsterdam Distribution Center,MARKET001,European Consumer Market,0.2224,10.01
6,PORT_STRIKE,0.5,PORT003,Rotterdam Port,MAN003,Infineon Technologies,PROD003,Automotive Chip,Hamburg-Rotterdam Route,WH001,Amsterdam Distribution Center,MARKET001,European Consumer Market,0.145,6.52
7,PORT_STRIKE,0.5,PORT005,Los Angeles Port,MAN001,TSMC,PROD001,Advanced Semiconductor,Taipei-Los Angeles Route,WH002,Chicago Distribution Center,MARKET002,North American Consumer Market,0.2089,9.4
7,PORT_STRIKE,0.5,PORT005,Los Angeles Port,MAN002,Samsung Electronics,PROD002,Memory Chip,Shanghai-Los Angeles Route,WH002,Chicago Distribution Center,MARKET002,North American Consumer Market,0.2018,9.08
7,PORT_STRIKE,0.5,PORT005,Los Angeles Port,MAN004,Foxconn,PROD004,Smartphone,Shanghai-Los Angeles Route,WH002,Chicago Distribution Center,MARKET002,North American Consumer Market,0.2019,9.09
7,PORT_STRIKE,0.5,PORT005,Los Angeles Port,MAN004,Foxconn,PROD005,Laptop,Shanghai-Los Angeles Route,WH002,Chicago Distribution Center,MARKET002,North American Consumer Market,0.2019,9.09
7,PORT_STRIKE,0.5,PORT005,Los Angeles Port,MAN001,TSMC,PROD001,Advanced Semiconductor,Taipei-Los Angeles Route,WH004,Los Angeles Distribution Center,MARKET002,North American Consumer Market,0.2089,9.4
7,PORT_STRIKE,0.5,PORT005,Los Angeles Port,MAN002,Samsung Electronics,PROD002,Memory Chip,Shanghai-Los Angeles Route,WH004,Los Angeles Distribution Center,MARKET002,North American Consumer Market,0.2018,9.08
7,PORT_STRIKE,0.5,PORT005,Los Angeles Port,MAN004,Foxconn,PROD004,Smartphone,Shanghai-Los Angeles Route,WH004,Los Angeles Distribution Center,MARKET002,North American Consumer Market,0.2019,9.09
7,PORT_STRIKE,0.5,PORT005,Los Angeles Port,MAN004,Foxconn,PROD005,Laptop,Shanghai-Los Angeles Route,WH004,Los Angeles Distribution Center,MARKET002,North American Consumer Market,0.2019,9.09
8,INFRASTRUCTURE_FAILURE,0.92,PORT005,Los Angeles Port,MAN001,TSMC,PROD001,Advanced Semiconductor,Taipei-Los Angeles Route,WH002,Chicago Distribution Center,MARKET002,North American Consumer Market,0.3164,14.24
8,INFRASTRUCTURE_FAILURE,0.92,PORT005,Los Angeles Port,MAN002,Samsung Electronics,PROD002,Memory Chip,Shanghai-Los Angeles Route,WH002,Chicago Distribution Center,MARKET002,North American Consumer Market,0.3086,13.89
8,INFRASTRUCTURE_FAILURE,0.92,PORT005,Los Angeles Port,MAN004,Foxconn,PROD004,Smartphone,Shanghai-Los Angeles Route,WH002,Chicago Distribution Center,MARKET002,North American Consumer Market,0.3087,13.89
8,INFRASTRUCTURE_FAILURE,0.92,PORT005,Los Angeles Port,MAN004,Foxconn,PROD005,Laptop,Shanghai-Los Angeles Route,WH002,Chicago Distribution Center,MARKET002,North American Consumer Market,0.3087,13.89
8,INFRASTRUCTURE_FAILURE,0.92,PORT005,Los Angeles Port,MAN001,TSMC,PROD001,Advanced Semiconductor,Taipei-Los Angeles Route,WH004,Los Angeles Distribution Center,MARKET002,North American Consumer Market,0.3164,14.24
8,INFRASTRUCTURE_FAILURE,0.92,PORT005,Los Angeles Port,MAN002,Samsung Electronics,PROD002,Memory Chip,Shanghai-Los Angeles Route,WH004,Los Angeles Distribution Center,MARKET002,North American Consumer Market,0.3086,13.89
8,INFRASTRUCTURE_FAILURE,0.92,PORT005,Los Angeles Port,MAN004,Foxconn,PROD004,Smartphone,Shanghai-Los Angeles Route,WH004,Los Angeles Distribution Center,MARKET002,North American Consumer Market,0.3087,13.89
8,INFRASTRUCTURE_FAILURE,0.92,PORT005,Los Angeles Port,MAN004,Foxconn,PROD005,Laptop,Shanghai-Los Angeles Route,WH004,Los Angeles Distribution Center,MARKET002,North American Consumer Market,0.3087,13.89
9,SEVERE_WEATHER,0.87,PORT005,Los Angeles Port,MAN001,TSMC,PROD001,Advanced Semiconductor,Taipei-Los Angeles Route,WH002,Chicago Distribution Center,MARKET002,North American Consumer Market,0.32,14.4
9,SEVERE_WEATHER,0.87,PORT005,Los Angeles Port,MAN002,Samsung Electronics,PROD002,Memory Chip,Shanghai-Los Angeles Route,WH002,Chicago Distribution Center,MARKET002,North American Consumer Market,0.3118,14.03
9,SEVERE_WEATHER,0.87,PORT005,Los Angeles Port,MAN004,Foxconn,PROD004,Smartphone,Shanghai-Los Angeles Route,WH002,Chicago Distribution Center,MARKET002,North American Consumer Market,0.3119,14.04
9,SEVERE_WEATHER,0.87,PORT005,Los Angeles Port,MAN004,Foxconn,PROD005,Laptop,Shanghai-Los Angeles Route,WH002,Chicago Distribution Center,MARKET002,North American Consumer Market,0.3119,14.04
9,SEVERE_WEATHER,0.87,PORT005,Los Angeles Port,MAN001,TSMC,PROD001,Advanced Semiconductor,Taipei-Los Angeles Route,WH004,Los Angeles Distribution Center,MARKET002,North American Consumer Market,0.32,14.4
9,SEVERE_WEATHER,0.87,PORT005,Los Angeles Port,MAN002,Samsung Electronics,PROD002,Memory Chip,Shanghai-Los Angeles Route,WH004,Los Angeles Distribution Center,MARKET002,North American Consumer Market,0.3118,14.03
9,SEVERE_WEATHER,0.87,PORT005,Los Angeles Port,MAN004,Foxconn,PROD004,Smartphone,Shanghai-Los Angeles Route,WH004,Los Angeles Distribution Center,MARKET002,North American Consumer Market,0.3119,14.04
9,SEVERE_WEATHER,0.87,PORT005,Los Angeles Port,MAN004,Foxconn,PROD005,Laptop,Shanghai-Los Angeles Route,WH004,Los Angeles Distribution Center,MARKET002,North American Consumer Market,0.3119,14.04
10,PORT_STRIKE,0.5,PORT005,Los Angeles Port,MAN001,TSMC,PROD001,Advanced Semiconductor,Taipei-Los Angeles Route,WH002,Chicago Distribution Center,MARKET002,North American Consumer Market,0.2089,9.4
10,PORT_STRIKE,0.5,PORT005,Los Angeles Port,MAN002,Samsung Electronics,PROD002,Memory Chip,Shanghai-Los Angeles Route,WH002,Chicago Distribution Center,MARKET002,North American Consumer Market,0.2018,9.08
10,PORT_STRIKE,0.5,PORT005,Los Angeles Port,MAN004,Foxconn,PROD004,Smartphone,Shanghai-Los Angeles Route,WH002,Chicago Distribution Center,MARKET002,North American Consumer Market,0.2019,9.09
10,PORT_STRIKE,0.5,PORT005,Los Angeles Port,MAN004,Foxconn,PROD005,Laptop,Shanghai-Los Angeles Route,WH002,Chicago Distribution Center,MARKET002,North American Consumer Market,0.2019,9.09
10,PORT_STRIKE,0.5,PORT005,Los Angeles Port,MAN001,TSMC,PROD001,Advanced Semiconductor,Taipei-Los Angeles Route,WH004,Los Angeles Distribution Center,MARKET002,North American Consumer Market,0.2089,9.4
10,PORT_STRIKE,0.5,PORT005,Los Angeles Port,MAN002,Samsung Electronics,PROD002,Memory Chip,Shanghai-Los Angeles Route,WH004,Los Angeles Distribution Center,MARKET002,North American Consumer Market,0.2018,9.08
10,PORT_STRIKE,0.5,PORT005,Los Angeles Port,MAN004,Foxconn,PROD004,Smartphone,Shanghai-Los Angeles Route,WH004,Los Angeles Distribution Center,MARKET002,North American Consumer Market,0.2019,9.09
10,PORT_STRIKE,0.5,PORT005,Los Angeles Port,MAN004,Foxconn,PROD005,Laptop,Shanghai-Los Angeles Route,WH004,Los Angeles Distribution Center,MARKET002,North American Consumer Market,0.2019,9.09
11,PORT_CLOSURE,0.65,PORT003,Rotterdam Port,MAN001,TSMC,PROD001,Advanced Semiconductor,Taipei-Rotterdam Route,WH001,Amsterdam Distribution Center,MARKET001,European Consumer Market,0.3189,14.35
11,PORT_CLOSURE,0.65,PORT003,Rotterdam Port,MAN002,Samsung Electronics,PROD002,Memory Chip,Shanghai-Rotterdam Route,WH001,Amsterdam Distribution Center,MARKET001,European Consumer Market,0.3256,14.65
11,PORT_CLOSURE,0.65,PORT003,Rotterdam Port,MAN004,Foxconn,PROD004,Smartphone,Shanghai-Rotterdam Route,WH001,Amsterdam Distribution Center,MARKET001,European Consumer Market,0.3257,14.66
11,PORT_CLOSURE,0.65,PORT003,Rotterdam Port,MAN004,Foxconn,PROD005,Laptop,Shanghai-Rotterdam Route,WH001,Amsterdam Distribution Center,MARKET001,European Consumer Market,0.3257,14.66
11,PORT_CLOSURE,0.65,PORT003,Rotterdam Port,MAN003,Infineon Technologies,PROD003,Automotive Chip,Hamburg-Rotterdam Route,WH001,Amsterdam Distribution Center,MARKET001,European Consumer Market,0.2251,10.13
12,PORT_CLOSURE,0.52,PORT003,Rotterdam Port,MAN001,TSMC,PROD001,Advanced Semiconductor,Taipei-Rotterdam Route,WH001,Amsterdam Distribution Center,MARKET001,European Consumer Market,0.2872,12.92
12,PORT_CLOSURE,0.52,PORT003,Rotterdam Port,MAN002,Samsung Electronics,PROD002,Memory Chip,Shanghai-Rotterdam Route,WH001,Amsterdam Distribution Center,MARKET001,European Consumer Market,0.2939,13.23
12,PORT_CLOSURE,0.52,PORT003,Rotterdam Port,MAN004,Foxconn,PROD004,Smartphone,Shanghai-Rotterdam Route,WH001,Amsterdam Distribution Center,MARKET001,European Consumer Market,0.294,13.23
12,PORT_CLOSURE,0.52,PORT003,Rotterdam Port,MAN004,Foxconn,PROD005,Laptop,Shanghai-Rotterdam Route,WH001,Amsterdam Distribution Center,MARKET001,European Consumer Market,0.294,13.23
12,PORT_CLOSURE,0.52,PORT003,Rotterdam Port,MAN003,Infineon Technologies,PROD003,Automotive Chip,Hamburg-Rotterdam Route,WH001,Amsterdam Distribution Center,MARKET001,European Consumer Market,0.1934,8.7
13,INFRASTRUCTURE_FAILURE,0.82,PORT005,Los Angeles Port,MAN001,TSMC,PROD001,Advanced Semiconductor,Taipei-Los Angeles Route,WH002,Chicago Distribution Center,MARKET002,North American Consumer Market,0.2958,13.31
13,INFRASTRUCTURE_FAILURE,0.82,PORT005,Los Angeles Port,MAN002,Samsung Electronics,PROD002,Memory Chip,Shanghai-Los Angeles Route,WH002,Chicago Distribution Center,MARKET002,North American Consumer Market,0.2879,12.96
13,INFRASTRUCTURE_FAILURE,0.82,PORT005,Los Angeles Port,MAN004,Foxconn,PROD004,Smartphone,Shanghai-Los Angeles Route,WH002,Chicago Distribution Center,MARKET002,North American Consumer Market,0.2881,12.96
13,INFRASTRUCTURE_FAILURE,0.82,PORT005,Los Angeles Port,MAN004,Foxconn,PROD005,Laptop,Shanghai-Los Angeles Route,WH002,Chicago Distribution Center,MARKET002,North American Consumer Market,0.2881,12.96
13,INFRASTRUCTURE_FAILURE,0.82,PORT005,Los Angeles Port,MAN001,TSMC,PROD001,Advanced Semiconductor,Taipei-Los Angeles Route,WH004,Los Angeles Distribution Center,MARKET002,North American Consumer Market,0.2958,13.31
13,INFRASTRUCTURE_FAILURE,0.82,PORT005,Los Angeles Port,MAN002,Samsung Electronics,PROD002,Memory Chip,Shanghai-Los Angeles Route,WH004,Los Angeles Distribution Center,MARKET002,North American Consumer Market,0.2879,12.96
13,INFRASTRUCTURE_FAILURE,0.82,PORT005,Los Angeles Port,MAN004,Foxconn,PROD004,Smartphone,Shanghai-Los Angeles Route,WH004,Los Angeles Distribution Center,MARKET002,North American Consumer Market,0.2881,12.96
13,INFRASTRUCTURE_FAILURE,0.82,PORT005,Los Angeles Port,MAN004,Foxconn,PROD005,Laptop,Shanghai-Los Angeles Route,WH004,Los Angeles Distribution Center,MARKET002,North American Consumer Market,0.2881,12.96
14,SEVERE_WEATHER,0.88,PORT005,Los Angeles Port,MAN001,TSMC,PROD001,Advanced Semiconductor,Taipei-Los Angeles Route,WH002,Chicago Distribution Center,MARKET002,North American Consumer Market,0.3222,14.5
14,SEVERE_WEATHER,0.88,PORT005,Los Angeles Port,MAN002,Samsung Electronics,PROD002,Memory Chip,Shanghai-Los Angeles Route,WH002,Chicago Distribution Center,MARKET002,North American Consumer Market,0.314,14.13
14,SEVERE_WEATHER,0.88,PORT005,Los Angeles Port,MAN004,Foxconn,PROD004,Smartphone,Shanghai-Los Angeles Route,WH002,Chicago Distribution Center,MARKET002,North American Consumer Market,0.3141,14.13
14,SEVERE_WEATHER,0.88,PORT005,Los Angeles Port,MAN004,Foxconn,PROD005,Laptop,Shanghai-Los Angeles Route,WH002,Chicago Distribution Center,MARKET002,North American Consumer Market,0.3141,14.13
14,SEVERE_WEATHER,0.88,PORT005,Los Angeles Port,MAN001,TSMC,PROD001,Advanced Semiconductor,Taipei-Los Angeles Route,WH004,Los Angeles Distribution Center,MARKET002,North American Consumer Market,0.3222,14.5
14,SEVERE_WEATHER,0.88,PORT005,Los Angeles Port,MAN002,Samsung Electronics,PROD002,Memory Chip,Shanghai-Los Angeles Route,WH004,Los Angeles Distribution Center,MARKET002,North American Consumer Market,0.314,14.13
14,SEVERE_WEATHER,0.88,PORT005,Los Angeles Port,MAN004,Foxconn,PROD004,Smartphone,Shanghai-Los Angeles Route,WH004,Los Angeles Distribution Center,MARKET002,North American Consumer Market,0.3141,14.13
14,SEVERE_WEATHER,0.88,PORT005,Los Angeles Port,MAN004,Foxconn,PROD005,Laptop,Shanghai-Los Angeles Route,WH004,Los Angeles Distribution Center,MARKET002,North American Consumer Market,0.3141,14.13
15,PORT_CLOSURE,0.56,PORT003,Rotterdam Port,MAN001,TSMC,PROD001,Advanced Semiconductor,Taipei-Rotterdam Route,WH001,Amsterdam Distribution Center,MARKET001,European Consumer Market,0.297,13.37
15,PORT_CLOSURE,0.56,PORT003,Rotterdam Port,MAN002,Samsung Electronics,PROD002,Memory Chip,Shanghai-Rotterdam Route,WH001,Amsterdam Distribution Center,MARKET001,European Consumer Market,0.3036,13.66
15,PORT_CLOSURE,0.56,PORT003,Rotterdam Port,MAN004,Foxconn,PROD004,Smartphone,Shanghai-Rotterdam Route,WH001,Amsterdam Distribution Center,MARKET001,European Consumer Market,0.3038,13.67
15,PORT_CLOSURE,0.56,PORT003,Rotterdam Port,MAN004,Foxconn,PROD005,Laptop,Shanghai-Rotterdam Route,WH001,Amsterdam Distribution Center,MARKET001,European Consumer Market,0.3038,13.67
15,PORT_CLOSURE,0.56,PORT003,Rotterdam Port,MAN003,Infineon Technologies,PROD003,Automotive Chip,Hamburg-Rotterdam Route,WH001,Amsterdam Distribution Center,MARKET001,European Consumer Market,0.2031,9.14
16,INFRASTRUCTURE_FAILURE,0.73,PORT003,Rotterdam Port,MAN001,TSMC,PROD001,Advanced Semiconductor,Taipei-Rotterdam Route,WH001,Amsterdam Distribution Center,MARKET001,European Consumer Market,0.2863,12.88
16,INFRASTRUCTURE_FAILURE,0.73,PORT003,Rotterdam Port,MAN002,Samsung Electronics,PROD002,Memory Chip,Shanghai-Rotterdam Route,WH001,Amsterdam Distribution Center,MARKET001,European Consumer Market,0.292,13.14
16,INFRASTRUCTURE_FAILURE,0.73,PORT003,Rotterdam Port,MAN004,Foxconn,PROD004,Smartphone,Shanghai-Rotterdam Route,WH001,Amsterdam Distribution Center,MARKET001,European Consumer Market,0.2921,13.14
16,INFRASTRUCTURE_FAILURE,0.73,PORT003,Rotterdam Port,MAN004,Foxconn,PROD005,Laptop,Shanghai-Rotterdam Route,WH001,Amsterdam Distribution Center,MARKET001,European Consumer Market,0.2921,13.14
16,INFRASTRUCTURE_FAILURE,0.73,PORT003,Rotterdam Port,MAN003,Infineon Technologies,PROD003,Automotive Chip,Hamburg-Rotterdam Route,WH001,Amsterdam Distribution Center,MARKET001,European Consumer Market,0.2069,9.31
17,PORT_STRIKE,0.77,PORT003,Rotterdam Port,MAN001,TSMC,PROD001,Advanced Semiconductor,Taipei-Rotterdam Route,WH001,Amsterdam Distribution Center,MARKET001,European Consumer Market,0.2678,12.05
17,PORT_STRIKE,0.77,PORT003,Rotterdam Port,MAN002,Samsung Electronics,PROD002,Memory Chip,Shanghai-Rotterdam Route,WH001,Amsterdam Distribution Center,MARKET001,European Consumer Market,0.2729,12.28
17,PORT_STRIKE,0.77,PORT003,Rotterdam Port,MAN004,Foxconn,PROD004,Smartphone,Shanghai-Rotterdam Route,WH001,Amsterdam Distribution Center,MARKET001,European Consumer Market,0.273,12.29
17,PORT_STRIKE,0.77,PORT003,Rotterdam Port,MAN004,Foxconn,PROD005,Laptop,Shanghai-Rotterdam Route,WH001,Amsterdam Distribution Center,MARKET001,European Consumer Market,0.273,12.29
17,PORT_STRIKE,0.77,PORT003,Rotterdam Port,MAN003,Infineon Technologies,PROD003,Automotive Chip,Hamburg-Rotterdam Route,WH001,Amsterdam Distribution Center,MARKET001,European Consumer Market,0.1956,8.8
18,PORT_CLOSURE,0.44,PORT005,Los Angeles Port,MAN001,TSMC,PROD001,Advanced Semiconductor,Taipei-Los Angeles Route,WH002,Chicago Distribution Center,MARKET002,North American Consumer Market,0.257,11.56
18,PORT_CLOSURE,0.44,PORT005,Los Angeles Port,MAN002,Samsung Electronics,PROD002,Memory Chip,Shanghai-Los Angeles Route,WH002,Chicago Distribution Center,MARKET002,North American Consumer Market,0.2477,11.15
18,PORT_CLOSURE,0.44,PORT005,Los Angeles Port,MAN004,Foxconn,PROD004,Smartphone,Shanghai-Los Angeles Route,WH002,Chicago Distribution Center,MARKET002,North American Consumer Market,0.2478,11.15
18,PORT_CLOSURE,0.44,PORT005,Los Angeles Port,MAN004,Foxconn,PROD005,Laptop,Shanghai-Los Angeles Route,WH002,Chicago Distribution Center,MARKET002,North American Consumer Market,0.2478,11.15
18,PORT_CLOSURE,0.44,PORT005,Los Angeles Port,MAN001,TSMC,PROD001,Advanced Semiconductor,Taipei-Los Angeles Route,WH004,Los Angeles Distribution Center,MARKET002,North American Consumer Market,0.257,11.56
18,PORT_CLOSURE,0.44,PORT005,Los Angeles Port,MAN002,Samsung Electronics,PROD002,Memory Chip,Shanghai-Los Angeles Route,WH004,Los Angeles Distribution Center,MARKET002,North American Consumer Market,0.2477,11.15
18,PORT_CLOSURE,0.44,PORT005,Los Angeles Port,MAN004,Foxconn,PROD004,Smartphone,Shanghai-Los Angeles Route,WH004,Los Angeles Distribution Center,MARKET002,North American Consumer Market,0.2478,11.15
18,PORT_CLOSURE,0.44,PORT005,Los Angeles Port,MAN004,Foxconn,PROD005,Laptop,Shanghai-Los Angeles Route,WH004,Los Angeles Distribution Center,MARKET002,North American Consumer Market,0.2478,11.15
19,INFRASTRUCTURE_FAILURE,0.82,PORT003,Rotterdam Port,MAN001,TSMC,PROD001,Advanced Semiconductor,Taipei-Rotterdam Route,WH001,Amsterdam Distribution Center,MARKET001,European Consumer Market,0.3049,13.72
19,INFRASTRUCTURE_FAILURE,0.82,PORT003,Rotterdam Port,MAN002,Samsung Electronics,PROD002,Memory Chip,Shanghai-Rotterdam Route,WH001,Amsterdam Distribution Center,MARKET001,European Consumer Market,0.3105,13.97
19,INFRASTRUCTURE_FAILURE,0.82,PORT003,Rotterdam Port,MAN004,Foxconn,PROD004,Smartphone,Shanghai-Rotterdam Route,WH001,Amsterdam Distribution Center,MARKET001,European Consumer Market,0.3107,13.98
19,INFRASTRUCTURE_FAILURE,0.82,PORT003,Rotterdam Port,MAN004,Foxconn,PROD005,Laptop,Shanghai-Rotterdam Route,WH001,Amsterdam Distribution Center,MARKET001,European Consumer Market,0.3107,13.98
19,INFRASTRUCTURE_FAILURE,0.82,PORT003,Rotterdam Port,MAN003,Infineon Technologies,PROD003,Automotive Chip,Hamburg-Rotterdam Route,WH001,Amsterdam Distribution Center,MARKET001,European Consumer Market,0.2255,10.15
20,SEVERE_WEATHER,0.53,PORT003,Rotterdam Port,MAN001,TSMC,PROD001,Advanced Semiconductor,Taipei-Rotterdam Route,WH001,Amsterdam Distribution Center,MARKET001,European Consumer Market,0.2562,11.53
20,SEVERE_WEATHER,0.53,PORT003,Rotterdam Port,MAN002,Samsung Electronics,PROD002,Memory Chip,Shanghai-Rotterdam Route,WH001,Amsterdam Distribution Center,MARKET001,European Consumer Market,0.2621,11.79
20,SEVERE_WEATHER,0.53,PORT003,Rotterdam Port,MAN004,Foxconn,PROD004,Smartphone,Shanghai-Rotterdam Route,WH001,Amsterdam Distribution Center,MARKET001,European Consumer Market,0.2623,11.8
20,SEVERE_WEATHER,0.53,PORT003,Rotterdam Port,MAN004,Foxconn,PROD005,Laptop,Shanghai-Rotterdam Route,WH001,Amsterdam Distribution Center,MARKET001,European Consumer Market,0.2623,11.8
20,SEVERE_WEATHER,0.53,PORT003,Rotterdam Port,MAN003,Infineon Technologies,PROD003,Automotive Chip,Hamburg-Rotterdam Route,WH001,Amsterdam Distribution Center,MARKET001,European Consumer Market,0.1732,7.79
21,INFRASTRUCTURE_FAILURE,0.81,PORT005,Los Angeles Port,MAN001,TSMC,PROD001,Advanced Semiconductor,Taipei-Los Angeles Route,WH002,Chicago Distribution Center,MARKET002,North American Consumer Market,0.2938,13.22
21,INFRASTRUCTURE_FAILURE,0.81,PORT005,Los Angeles Port,MAN002,Samsung Electronics,PROD002,Memory Chip,Shanghai-Los Angeles Route,WH002,Chicago Distribution Center,MARKET002,North American Consumer Market,0.2859,12.87
21,INFRASTRUCTURE_FAILURE,0.81,PORT005,Los Angeles Port,MAN004,Foxconn,PROD004,Smartphone,Shanghai-Los Angeles Route,WH002,Chicago Distribution Center,MARKET002,North American Consumer Market,0.286,12.87
21,INFRASTRUCTURE_FAILURE,0.81,PORT005,Los Angeles Port,MAN004,Foxconn,PROD005,Laptop,Shanghai-Los Angeles Route,WH002,Chicago Distribution Center,MARKET002,North American Consumer Market,0.286,12.87
21,INFRASTRUCTURE_FAILURE,0.81,PORT005,Los Angeles Port,MAN001,TSMC,PROD001,Advanced Semiconductor,Taipei-Los Angeles Route,WH004,Los Angeles Distribution Center,MARKET002,North American Consumer Market,0.2938,13.22
21,INFRASTRUCTURE_FAILURE,0.81,PORT005,Los Angeles Port,MAN002,Samsung Electronics,PROD002,Memory Chip,Shanghai-Los Angeles Route,WH004,Los Angeles Distribution Center,MARKET002,North American Consumer Market,0.2859,12.87
21,INFRASTRUCTURE_FAILURE,0.81,PORT005,Los Angeles Port,MAN004,Foxconn,PROD004,Smartphone,Shanghai-Los Angeles Route,WH004,Los Angeles Distribution Center,MARKET002,North American Consumer Market,0.286,12.87
21,INFRASTRUCTURE_FAILURE,0.81,PORT005,Los Angeles Port,MAN004,Foxconn,PROD005,Laptop,Shanghai-Los Angeles Route,WH004,Los Angeles Distribution Center,MARKET002,North American Consumer Market,0.286,12.87
22,PORT_CLOSURE,0.56,PORT005,Los Angeles Port,MAN001,TSMC,PROD001,Advanced Semiconductor,Taipei-Los Angeles Route,WH002,Chicago Distribution Center,MARKET002,North American Consumer Market,0.2862,12.88
22,PORT_CLOSURE,0.56,PORT005,Los Angeles Port,MAN002,Samsung Electronics,PROD002,Memory Chip,Shanghai-Los Angeles Route,WH002,Chicago Distribution Center,MARKET002,North American Consumer Market,0.2769,12.46
22,PORT_CLOSURE,0.56,PORT005,Los Angeles Port,MAN004,Foxconn,PROD004,Smartphone,Shanghai-Los Angeles Route,WH002,Chicago Distribution Center,MARKET002,North American Consumer Market,0.2771,12.47
22,PORT_CLOSURE,0.56,PORT005,Los Angeles Port,MAN004,Foxconn,PROD005,Laptop,Shanghai-Los Angeles Route,WH002,Chicago Distribution Center,MARKET002,North American Consumer Market,0.2771,12.47
22,PORT_CLOSURE,0.56,PORT005,Los Angeles Port,MAN001,TSMC,PROD001,Advanced Semiconductor,Taipei-Los Angeles Route,WH004,Los Angeles Distribution Center,MARKET002,North American Consumer Market,0.2862,12.88
22,PORT_CLOSURE,0.56,PORT005,Los Angeles Port,MAN002,Samsung Electronics,PROD002,Memory Chip,Shanghai-Los Angeles Route,WH004,Los Angeles Distribution Center,MARKET002,North American Consumer Market,0.2769,12.46
22,PORT_CLOSURE,0.56,PORT005,Los Angeles Port,MAN004,Foxconn,PROD004,Smartphone,Shanghai-Los Angeles Route,WH004,Los Angeles Distribution Center,MARKET002,North American Consumer Market,0.2771,12.47
22,PORT_CLOSURE,0.56,PORT005,Los Angeles Port,MAN004,Foxconn,PROD005,Laptop,Shanghai-Los Angeles Route,WH004,Los Angeles Distribution Center,MARKET002,North American Consumer Market,0.2771,12.47
23,SEVERE_WEATHER,0.53,PORT003,Rotterdam Port,MAN001,TSMC,PROD001,Advanced Semiconductor,Taipei-Rotterdam Route,WH001,Amsterdam Distribution Center,MARKET001,European Consumer Market,0.2562,11.53
23,SEVERE_WEATHER,0.53,PORT003,Rotterdam Port,MAN002,Samsung Electronics,PROD002,Memory Chip,Shanghai-Rotterdam Route,WH001,Amsterdam Distribution Center,MARKET001,European Consumer Market,0.2621,11.79
23,SEVERE_WEATHER,0.53,PORT003,Rotterdam Port,MAN004,Foxconn,PROD004,Smartphone,Shanghai-Rotterdam Route,WH001,Amsterdam Distribution Center,MARKET001,European Consumer Market,0.2623,11.8
23,SEVERE_WEATHER,0.53,PORT003,Rotterdam Port,MAN004,Foxconn,PROD005,Laptop,Shanghai-Rotterdam Route,WH001,Amsterdam Distribution Center,MARKET001,European Consumer Market,0.2623,11.8
23,SEVERE_WEATHER,0.53,PORT003,Rotterdam Port,MAN003,Infineon Technologies,PROD003,Automotive Chip,Hamburg-Rotterdam Route,WH001,Amsterdam Distribution Center,MARKET001,European Consumer Market,0.1732,7.79
24,PORT_STRIKE,0.51,PORT005,Los Angeles Port,MAN001,TSMC,PROD001,Advanced Semiconductor,Taipei-Los Angeles Route,WH002,Chicago Distribution Center,MARKET002,North American Consumer Market,0.2108,9.49
24,PORT_STRIKE,0.51,PORT005,Los Angeles Port,MAN002,Samsung Electronics,PROD002,Memory Chip,Shanghai-Los Angeles Route,WH002,Chicago Distribution Center,MARKET002,North American Consumer Market,0.2036,9.16
24,PORT_STRIKE,0.51,PORT005,Los Angeles Port,MAN004,Foxconn,PROD004,Smartphone,Shanghai-Los Angeles Route,WH002,Chicago Distribution Center,MARKET002,North American Consumer Market,0.2038,9.17
24,PORT_STRIKE,0.51,PORT005,Los Angeles Port,MAN004,Foxconn,PROD005,Laptop,Shanghai-Los Angeles Route,WH002,Chicago Distribution Center,MARKET002,North American Consumer Market,0.2038,9.17
24,PORT_STRIKE,0.51,PORT005,Los Angeles Port,MAN001,TSMC,PROD001,Advanced Semiconductor,Taipei-Los Angeles Route,WH004,Los Angeles Distribution Center,MARKET002,North American Consumer Market,0.2108,9.49
24,PORT_STRIKE,0.51,PORT005,Los Angeles Port,MAN002,Samsung Electronics,PROD002,Memory Chip,Shanghai-Los Angeles Route,WH004,Los Angeles Distribution Center,MARKET002,North American Consumer Market,0.2036,9.16
24,PORT_STRIKE,0.51,PORT005,Los Angeles Port,MAN004,Foxconn,PROD004,Smartphone,Shanghai-Los Angeles Route,WH004,Los Angeles Distribution Center,MARKET002,North American Consumer Market,0.2038,9.17
24,PORT_STRIKE,0.51,PORT005,Los Angeles Port,MAN004,Foxconn,PROD005,Laptop,Shanghai-Los Angeles Route,WH004,Los Angeles Distribution Center,MARKET002,North American Consumer Market,0.2038,9.17
25,PORT_CLOSURE,0.54,PORT005,Los Angeles Port,MAN001,TSMC,PROD001,Advanced Semiconductor,Taipei-Los Angeles Route,WH002,Chicago Distribution Center,MARKET002,North American Consumer Market,0.2814,12.66
25,PORT_CLOSURE,0.54,PORT005,Los Angeles Port,MAN002,Samsung Electronics,PROD002,Memory Chip,Shanghai-Los Angeles Route,WH002,Chicago Distribution Center,MARKET002,North American Consumer Market,0.2721,12.24
25,PORT_CLOSURE,0.54,PORT005,Los Angeles Port,MAN004,Foxconn,PROD004,Smartphone,Shanghai-Los Angeles Route,WH002,Chicago Distribution Center,MARKET002,North American Consumer Market,0.2722,12.25
25,PORT_CLOSURE,0.54,PORT005,Los Angeles Port,MAN004,Foxconn,PROD005,Laptop,Shanghai-Los Angeles Route,WH002,Chicago Distribution Center,MARKET002,North American Consumer Market,0.2722,12.25
25,PORT_CLOSURE,0.54,PORT005,Los Angeles Port,MAN001,TSMC,PROD001,Advanced Semiconductor,Taipei-Los Angeles Route,WH004,Los Angeles Distribution Center,MARKET002,North American Consumer Market,0.2814,12.66
25,PORT_CLOSURE,0.54,PORT005,Los Angeles Port,MAN002,Samsung Electronics,PROD002,Memory Chip,Shanghai-Los Angeles Route,WH004,Los Angeles Distribution Center,MARKET002,North American Consumer Market,0.2721,12.24
25,PORT_CLOSURE,0.54,PORT005,Los Angeles Port,MAN004,Foxconn,PROD004,Smartphone,Shanghai-Los Angeles Route,WH004,Los Angeles Distribution Center,MARKET002,North American Consumer Market,0.2722,12.25
25,PORT_CLOSURE,0.54,PORT005,Los Angeles Port,MAN004,Foxconn,PROD005,Laptop,Shanghai-Los Angeles Route,WH004,Los Angeles Distribution Center,MARKET002,North American Consumer Market,0.2722,12.25
26,PORT_STRIKE,0.85,PORT005,Los Angeles Port,MAN001,TSMC,PROD001,Advanced Semiconductor,Taipei-Los Angeles Route,WH002,Chicago Distribution Center,MARKET002,North American Consumer Market,0.2746,12.36
26,PORT_STRIKE,0.85,PORT005,Los Angeles Port,MAN002,Samsung Electronics,PROD002,Memory Chip,Shanghai-Los Angeles Route,WH002,Chicago Distribution Center,MARKET002,North American Consumer Market,0.2674,12.03
26,PORT_STRIKE,0.85,PORT005,Los Angeles Port,MAN004,Foxconn,PROD004,Smartphone,Shanghai-Los Angeles Route,WH002,Chicago Distribution Center,MARKET002,North American Consumer Market,0.2675,12.04
26,PORT_STRIKE,0.85,PORT005,Los Angeles Port,MAN004,Foxconn,PROD005,Laptop,Shanghai-Los Angeles Route,WH002,Chicago Distribution Center,MARKET002,North American Consumer Market,0.2675,12.04
26,PORT_STRIKE,0.85,PORT005,Los Angeles Port,MAN001,TSMC,PROD001,Advanced Semiconductor,Taipei-Los Angeles Route,WH004,Los Angeles Distribution Center,MARKET002,North American Consumer Market,0.2746,12.36
26,PORT_STRIKE,0.85,PORT005,Los Angeles Port,MAN002,Samsung Electronics,PROD002,Memory Chip,Shanghai-Los Angeles Route,WH004,Los Angeles Distribution Center,MARKET002,North American Consumer Market,0.2674,12.03
26,PORT_STRIKE,0.85,PORT005,Los Angeles Port,MAN004,Foxconn,PROD004,Smartphone,Shanghai-Los Angeles Route,WH004,Los Angeles Distribution Center,MARKET002,North American Consumer Market,0.2675,12.04
26,PORT_STRIKE,0.85,PORT005,Los Angeles Port,MAN004,Foxconn,PROD005,Laptop,Shanghai-Los Angeles Route,WH004,Los Angeles Distribution Center,MARKET002,North American Consumer Market,0.2675,12.04
27,PORT_STRIKE,0.93,PORT005,Los Angeles Port,MAN001,TSMC,PROD001,Advanced Semiconductor,Taipei-Los Angeles Route,WH002,Chicago Distribution Center,MARKET002,North American Consumer Market,0.2896,13.03
27,PORT_STRIKE,0.93,PORT005,Los Angeles Port,MAN002,Samsung Electronics,PROD002,Memory Chip,Shanghai-Los Angeles Route,WH002,Chicago Distribution Center,MARKET002,North American Consumer Market,0.2824,12.71
27,PORT_STRIKE,0.93,PORT005,Los Angeles Port,MAN004,Foxconn,PROD004,Smartphone,Shanghai-Los Angeles Route,WH002,Chicago Distribution Center,MARKET002,North American Consumer Market,0.2825,12.71
27,PORT_STRIKE,0.93,PORT005,Los Angeles Port,MAN004,Foxconn,PROD005,Laptop,Shanghai-Los Angeles Route,WH002,Chicago Distribution Center,MARKET002,North American Consumer Market,0.2825,12.71
27,PORT_STRIKE,0.93,PORT005,Los Angeles Port,MAN001,TSMC,PROD001,Advanced Semiconductor,Taipei-Los Angeles Route,WH004,Los Angeles Distribution Center,MARKET002,North American Consumer Market,0.2896,13.03
27,PORT_STRIKE,0.93,PORT005,Los Angeles Port,MAN002,Samsung Electronics,PROD002,Memory Chip,Shanghai-Los Angeles Route,WH004,Los Angeles Distribution Center,MARKET002,North American Consumer Market,0.2824,12.71
27,PORT_STRIKE,0.93,PORT005,Los Angeles Port,MAN004,Foxconn,PROD004,Smartphone,Shanghai-Los Angeles Route,WH004,Los Angeles Distribution Center,MARKET002,North American Consumer Market,0.2825,12.71
27,PORT_STRIKE,0.93,PORT005,Los Angeles Port,MAN004,Foxconn,PROD005,Laptop,Shanghai-Los Angeles Route,WH004,Los Angeles Distribution Center,MARKET002,North American Consumer Market,0.2825,12.71
28,PORT_CLOSURE,0.94,PORT005,Los Angeles Port,MAN001,TSMC,PROD001,Advanced Semiconductor,Taipei-Los Angeles Route,WH002,Chicago Distribution Center,MARKET002,North American Consumer Market,0.3789,17.05
28,PORT_CLOSURE,0.94,PORT005,Los Angeles Port,MAN002,Samsung Electronics,PROD002,Memory Chip,Shanghai-Los Angeles Route,WH002,Chicago Distribution Center,MARKET002,North American Consumer Market,0.3696,16.63
28,PORT_CLOSURE,0.94,PORT005,Los Angeles Port,MAN004,Foxconn,PROD004,Smartphone,Shanghai-Los Angeles Route,WH002,Chicago Distribution Center,MARKET002,North American Consumer Market,0.3697,16.64
28,PORT_CLOSURE,0.94,PORT005,Los Angeles Port,MAN004,Foxconn,PROD005,Laptop,Shanghai-Los Angeles Route,WH002,Chicago Distribution Center,MARKET002,North American Consumer Market,0.3697,16.64
28,PORT_CLOSURE,0.94,PORT005,Los Angeles Port,MAN001,TSMC,PROD001,Advanced Semiconductor,Taipei-Los Angeles Route,WH004,Los Angeles Distribution Center,MARKET002,North American Consumer Market,0.3789,17.05
28,PORT_CLOSURE,0.94,PORT005,Los Angeles Port,MAN002,Samsung Electronics,PROD002,Memory Chip,Shanghai-Los Angeles Route,WH004,Los Angeles Distribution Center,MARKET002,North American Consumer Market,0.3696,16.63
28,PORT_CLOSURE,0.94,PORT005,Los Angeles Port,MAN004,Foxconn,PROD004,Smartphone,Shanghai-Los Angeles Route,WH004,Los Angeles Distribution Center,MARKET002,North American Consumer Market,0.3697,16.64
28,PORT_CLOSURE,0.94,PORT005,Los Angeles Port,MAN004,Foxconn,PROD005,Laptop,Shanghai-Los Angeles Route,WH004,Los Angeles Distribution Center,MARKET002,North American Consumer Market,0.3697,16.64
29,PORT_CLOSURE,0.56,PORT005,Los Angeles Port,MAN001,TSMC,PROD001,Advanced Semiconductor,Taipei-Los Angeles Route,WH002,Chicago Distribution Center,MARKET002,North American Consumer Market,0.2862,12.88
29,PORT_CLOSURE,0.56,PORT005,Los Angeles Port,MAN002,Samsung Electronics,PROD002,Memory Chip,Shanghai-Los Angeles Route,WH002,Chicago Distribution Center,MARKET002,North American Consumer Market,0.2769,12.46
29,PORT_CLOSURE,0.56,PORT005,Los Angeles Port,MAN004,Foxconn,PROD004,Smartphone,Shanghai-Los Angeles Route,WH002,Chicago Distribution Center,MARKET002,North American Consumer Market,0.2771,12.47
29,PORT_CLOSURE,0.56,PORT005,Los Angeles Port,MAN004,Foxconn,PROD005,Laptop,Shanghai-Los Angeles Route,WH002,Chicago Distribution Center,MARKET002,North American Consumer Market,0.2771,12.47
29,PORT_CLOSURE,0.56,PORT005,Los Angeles Port,MAN001,TSMC,PROD001,Advanced Semiconductor,Taipei-Los Angeles Route,WH004,Los Angeles Distribution Center,MARKET002,North American Consumer Market,0.2862,12.88
29,PORT_CLOSURE,0.56,PORT005,Los Angeles Port,MAN002,Samsung Electronics,PROD002,Memory Chip,Shanghai-Los Angeles Route,WH004,Los Angeles Distribution Center,MARKET002,North American Consumer Market,0.2769,12.46
29,PORT_CLOSURE,0.56,PORT005,Los Angeles Port,MAN004,Foxconn,PROD004,Smartphone,Shanghai-Los Angeles Route,WH004,Los Angeles Distribution Center,MARKET002,North American Consumer Market,0.2771,12.47
29,PORT_CLOSURE,0.56,PORT005,Los Angeles Port,MAN004,Foxconn,PROD005,Laptop,Shanghai-Los Angeles Route,WH004,Los Angeles Distribution Center,MARKET002,North American Consumer Market,0.2771,12.47
30,PORT_CLOSURE,0.5,PORT003,Rotterdam Port,MAN001,TSMC,PROD001,Advanced Semiconductor,Taipei-Rotterdam Route,WH001,Amsterdam Distribution Center,MARKET001,European Consumer Market,0.2823,12.7
30,PORT_CLOSURE,0.5,PORT003,Rotterdam Port,MAN002,Samsung Electronics,PROD002,Memory Chip,Shanghai-Rotterdam Route,WH001,Amsterdam Distribution Center,MARKET001,European Consumer Market,0.289,13.0
30,PORT_CLOSURE,0.5,PORT003,Rotterdam Port,MAN004,Foxconn,PROD004,Smartphone,Shanghai-Rotterdam Route,WH001,Amsterdam Distribution Center,MARKET001,European Consumer Market,0.2891,13.01
30,PORT_CLOSURE,0.5,PORT003,Rotterdam Port,MAN004,Foxconn,PROD005,Laptop,Shanghai-Rotterdam Route,WH001,Amsterdam Distribution Center,MARKET001,European Consumer Market,0.2891,13.01
30,PORT_CLOSURE,0.5,PORT003,Rotterdam Port,MAN003,Infineon Technologies,PROD003,Automotive Chip,Hamburg-Rotterdam Route,WH001,Amsterdam Distribution Center,MARKET001,European Consumer Market,0.1885,8.48
31,PORT_CLOSURE,0.5,PORT003,Rotterdam Port,MAN001,TSMC,PROD001,Advanced Semiconductor,Taipei-Rotterdam Route,WH001,Amsterdam Distribution Center,MARKET001,European Consumer Market,0.2823,12.7
31,PORT_CLOSURE,0.5,PORT003,Rotterdam Port,MAN002,Samsung Electronics,PROD002,Memory Chip,Shanghai-Rotterdam Route,WH001,Amsterdam Distribution Center,MARKET001,European Consumer Market,0.289,13.0
31,PORT_CLOSURE,0.5,PORT003,Rotterdam Port,MAN004,Foxconn,PROD004,Smartphone,Shanghai-Rotterdam Route,WH001,Amsterdam Distribution Center,MARKET001,European Consumer Market,0.2891,13.01
31,PORT_CLOSURE,0.5,PORT003,Rotterdam Port,MAN004,Foxconn,PROD005,Laptop,Shanghai-Rotterdam Route,WH001,Amsterdam Distribution Center,MARKET001,European Consumer Market,0.2891,13.01
31,PORT_CLOSURE,0.5,PORT003,Rotterdam Port,MAN003,Infineon Technologies,PROD003,Automotive Chip,Hamburg-Rotterdam Route,WH001,Amsterdam Distribution Center,MARKET001,European Consumer Market,0.1885,8.48
32,PORT_CLOSURE,0.44,PORT005,Los Angeles Port,MAN001,TSMC,PROD001,Advanced Semiconductor,Taipei-Los Angeles Route,WH002,Chicago Distribution Center,MARKET002,North American Consumer Market,0.257,11.56
32,PORT_CLOSURE,0.44,PORT005,Los Angeles Port,MAN002,Samsung Electronics,PROD002,Memory Chip,Shanghai-Los Angeles Route,WH002,Chicago Distribution Center,MARKET002,North American Consumer Market,0.2477,11.15
32,PORT_CLOSURE,0.44,PORT005,Los Angeles Port,MAN004,Foxconn,PROD004,Smartphone,Shanghai-Los Angeles Route,WH002,Chicago Distribution Center,MARKET002,North American Consumer Market,0.2478,11.15
32,PORT_CLOSURE,0.44,PORT005,Los Angeles Port,MAN004,Foxconn,PROD005,Laptop,Shanghai-Los Angeles Route,WH002,Chicago Distribution Center,MARKET002,North American Consumer Market,0.2478,11.15
32,PORT_CLOSURE,0.44,PORT005,Los Angeles Port,MAN001,TSMC,PROD001,Advanced Semiconductor,Taipei-Los Angeles Route,WH004,Los Angeles Distribution Center,MARKET002,North American Consumer Market,0.257,11.56
32,PORT_CLOSURE,0.44,PORT005,Los Angeles Port,MAN002,Samsung Electronics,PROD002,Memory Chip,Shanghai-Los Angeles Route,WH004,Los Angeles Distribution Center,MARKET002,North American Consumer Market,0.2477,11.15
32,PORT_CLOSURE,0.44,PORT005,Los Angeles Port,MAN004,Foxconn,PROD004,Smartphone,Shanghai-Los Angeles Route,WH004,Los Angeles Distribution Center,MARKET002,North American Consumer Market,0.2478,11.15
32,PORT_CLOSURE,0.44,PORT005,Los Angeles Port,MAN004,Foxconn,PROD005,Laptop,Shanghai-Los Angeles Route,WH004,Los Angeles Distribution Center,MARKET002,North American Consumer Market,0.2478,11.15
33,SEVERE_WEATHER,0.61,PORT005,Los Angeles Port,MAN001,TSMC,PROD001,Advanced Semiconductor,Taipei-Los Angeles Route,WH002,Chicago Distribution Center,MARKET002,North American Consumer Market,0.264,11.88
33,SEVERE_WEATHER,0.61,PORT005,Los Angeles Port,MAN002,Samsung Electronics,PROD002,Memory Chip,Shanghai-Los Angeles Route,WH002,Chicago Distribution Center,MARKET002,North American Consumer Market,0.2558,11.51
33,SEVERE_WEATHER,0.61,PORT005,Los Angeles Port,MAN004,Foxconn,PROD004,Smartphone,Shanghai-Los Angeles Route,WH002,Chicago Distribution Center,MARKET002,North American Consumer Market,0.2559,11.52
33,SEVERE_WEATHER,0.61,PORT005,Los Angeles Port,MAN004,Foxconn,PROD005,Laptop,Shanghai-Los Angeles Route,WH002,Chicago Distribution Center,MARKET002,North American Consumer Market,0.2559,11.52
33,SEVERE_WEATHER,0.61,PORT005,Los Angeles Port,MAN001,TSMC,PROD001,Advanced Semiconductor,Taipei-Los Angeles Route,WH004,Los Angeles Distribution Center,MARKET002,North American Consumer Market,0.264,11.88
33,SEVERE_WEATHER,0.61,PORT005,Los Angeles Port,MAN002,Samsung Electronics,PROD002,Memory Chip,Shanghai-Los Angeles Route,WH004,Los Angeles Distribution Center,MARKET002,North American Consumer Market,0.2558,11.51
33,SEVERE_WEATHER,0.61,PORT005,Los Angeles Port,MAN004,Foxconn,PROD004,Smartphone,Shanghai-Los Angeles Route,WH004,Los Angeles Distribution Center,MARKET002,North American Consumer Market,0.2559,11.52
33,SEVERE_WEATHER,0.61,PORT005,Los Angeles Port,MAN004,Foxconn,PROD005,Laptop,Shanghai-Los Angeles Route,WH004,Los Angeles Distribution Center,MARKET002,North American Consumer Market,0.2559,11.52
34,PORT_CLOSURE,0.67,PORT003,Rotterdam Port,MAN001,TSMC,PROD001,Advanced Semiconductor,Taipei-Rotterdam Route,WH001,Amsterdam Distribution Center,MARKET001,European Consumer Market,0.3238,14.57
34,PORT_CLOSURE,0.67,PORT003,Rotterdam Port,MAN002,Samsung Electronics,PROD002,Memory Chip,Shanghai-Rotterdam Route,WH001,Amsterdam Distribution Center,MARKET001,European Consumer Market,0.3304,14.87
34,PORT_CLOSURE,0.67,PORT003,Rotterdam Port,MAN004,Foxconn,PROD004,Smartphone,Shanghai-Rotterdam Route,WH001,Amsterdam Distribution Center,MARKET001,European Consumer Market,0.3306,14.88
34,PORT_CLOSURE,0.67,PORT003,Rotterdam Port,MAN004,Foxconn,PROD005,Laptop,Shanghai-Rotterdam Route,WH001,Amsterdam Distribution Center,MARKET001,European Consumer Market,0.3306,14.88
34,PORT_CLOSURE,0.67,PORT003,Rotterdam Port,MAN003,Infineon Technologies,PROD003,Automotive Chip,Hamburg-Rotterdam Route,WH001,Amsterdam Distribution Center,MARKET001,European Consumer Market,0.2299,10.35
35,PORT_CLOSURE,0.92,PORT003,Rotterdam Port,MAN001,TSMC,PROD001,Advanced Semiconductor,Taipei-Rotterdam Route,WH001,Amsterdam Distribution Center,MARKET001,European Consumer Market,0.3847,17.31
35,PORT_CLOSURE,0.92,PORT003,Rotterdam Port,MAN002,Samsung Electronics,PROD002,Memory Chip,Shanghai-Rotterdam Route,WH001,Amsterdam Distribution Center,MARKET001,European Consumer Market,0.3914,17.61
35,PORT_CLOSURE,0.92,PORT003,Rotterdam Port,MAN004,Foxconn,PROD004,Smartphone,Shanghai-Rotterdam Route,WH001,Amsterdam Distribution Center,MARKET001,European Consumer Market,0.3915,17.62
35,PORT_CLOSURE,0.92,PORT003,Rotterdam Port,MAN004,Foxconn,PROD005,Laptop,Shanghai-Rotterdam Route,WH001,Amsterdam Distribution Center,MARKET001,European Consumer Market,0.3915,17.62
35,PORT_CLOSURE,0.92,PORT003,Rotterdam Port,MAN003,Infineon Technologies,PROD003,Automotive Chip,Hamburg-Rotterdam Route,WH001,Amsterdam Distribution Center,MARKET001,European Consumer Market,0.2909,13.09
36,PORT_CLOSURE,0.58,PORT003,Rotterdam Port,MAN001,TSMC,PROD001,Advanced Semiconductor,Taipei-Rotterdam Route,WH001,Amsterdam Distribution Center,MARKET001,European Consumer Market,0.3018,13.58
36,PORT_CLOSURE,0.58,PORT003,Rotterdam Port,MAN002,Samsung Electronics,PROD002,Memory Chip,Shanghai-Rotterdam Route,WH001,Amsterdam Distribution Center,MARKET001,European Consumer Market,0.3085,13.88
36,PORT_CLOSURE,0.58,PORT003,Rotterdam Port,MAN004,Foxconn,PROD004,Smartphone,Shanghai-Rotterdam Route,WH001,Amsterdam Distribution Center,MARKET001,European Consumer Market,0.3086,13.89
36,PORT_CLOSURE,0.58,PORT003,Rotterdam Port,MAN004,Foxconn,PROD005,Laptop,Shanghai-Rotterdam Route,WH001,Amsterdam Distribution Center,MARKET001,European Consumer Market,0.3086,13.89
36,PORT_CLOSURE,0.58,PORT003,Rotterdam Port,MAN003,Infineon Technologies,PROD003,Automotive Chip,Hamburg-Rotterdam Route,WH001,Amsterdam Distribution Center,MARKET001,European Consumer Market,0.208,9.36
37,INFRASTRUCTURE_FAILURE,0.79,PORT005,Los Angeles Port,MAN001,TSMC,PROD001,Advanced Semiconductor,Taipei-Los Angeles Route,WH002,Chicago Distribution Center,MARKET002,North American Consumer Market,0.2896,13.03
37,INFRASTRUCTURE_FAILURE,0.79,PORT005,Los Angeles Port,MAN002,Samsung Electronics,PROD002,Memory Chip,Shanghai-Los Angeles Route,WH002,Chicago Distribution Center,MARKET002,North American Consumer Market,0.2818,12.68
37,INFRASTRUCTURE_FAILURE,0.79,PORT005,Los Angeles Port,MAN004,Foxconn,PROD004,Smartphone,Shanghai-Los Angeles Route,WH002,Chicago Distribution Center,MARKET002,North American Consumer Market,0.2819,12.69
37,INFRASTRUCTURE_FAILURE,0.79,PORT005,Los Angeles Port,MAN004,Foxconn,PROD005,Laptop,Shanghai-Los Angeles Route,WH002,Chicago Distribution Center,MARKET002,North American Consumer Market,0.2819,12.69
37,INFRASTRUCTURE_FAILURE,0.79,PORT005,Los Angeles Port,MAN001,TSMC,PROD001,Advanced Semiconductor,Taipei-Los Angeles Route,WH004,Los Angeles Distribution Center,MARKET002,North American Consumer Market,0.2896,13.03
37,INFRASTRUCTURE_FAILURE,0.79,PORT005,Los Angeles Port,MAN002,Samsung Electronics,PROD002,Memory Chip,Shanghai-Los Angeles Route,WH004,Los Angeles Distribution Center,MARKET002,North American Consumer Market,0.2818,12.68
37,INFRASTRUCTURE_FAILURE,0.79,PORT005,Los Angeles Port,MAN004,Foxconn,PROD004,Smartphone,Shanghai-Los Angeles Route,WH004,Los Angeles Distribution Center,MARKET002,North American Consumer Market,0.2819,12.69
37,INFRASTRUCTURE_FAILURE,0.79,PORT005,Los Angeles Port,MAN004,Foxconn,PROD005,Laptop,Shanghai-Los Angeles Route,WH004,Los Angeles Distribution Center,MARKET002,North American Consumer Market,0.2819,12.69
38,PORT_STRIKE,0.56,PORT005,Los Angeles Port,MAN001,TSMC,PROD001,Advanced Semiconductor,Taipei-Los Angeles Route,WH002,Chicago Distribution Center,MARKET002,North American Consumer Market,0.2202,9.91
38,PORT_STRIKE,0.56,PORT005,Los Angeles Port,MAN002,Samsung Electronics,PROD002,Memory Chip,Shanghai-Los Angeles Route,WH002,Chicago Distribution Center,MARKET002,North American Consumer Market,0.213,9.58
38,PORT_STRIKE,0.56,PORT005,Los Angeles Port,MAN004,Foxconn,PROD004,Smartphone,Shanghai-Los Angeles Route,WH002,Chicago Distribution Center,MARKET002,North American Consumer Market,0.2131,9.59
38,PORT_STRIKE,0.56,PORT005,Los Angeles Port,MAN004,Foxconn,PROD005,Laptop,Shanghai-Los Angeles Route,WH002,Chicago Distribution Center,MARKET002,North American Consumer Market,0.2131,9.59
38,PORT_STRIKE,0.56,PORT005,Los Angeles Port,MAN001,TSMC,PROD001,Advanced Semiconductor,Taipei-Los Angeles Route,WH004,Los Angeles Distribution Center,MARKET002,North American Consumer Market,0.2202,9.91
38,PORT_STRIKE,0.56,PORT005,Los Angeles Port,MAN002,Samsung Electronics,PROD002,Memory Chip,Shanghai-Los Angeles Route,WH004,Los Angeles Distribution Center,MARKET002,North American Consumer Market,0.213,9.58
38,PORT_STRIKE,0.56,PORT005,Los Angeles Port,MAN004,Foxconn,PROD004,Smartphone,Shanghai-Los Angeles Route,WH004,Los Angeles Distribution Center,MARKET002,North American Consumer Market,0.2131,9.59
38,PORT_STRIKE,0.56,PORT005,Los Angeles Port,MAN004,Foxconn,PROD005,Laptop,Shanghai-Los Angeles Route,WH004,Los Angeles Distribution Center,MARKET002,North American Consumer Market,0.2131,9.59
39,PORT_CLOSURE,0.91,PORT005,Los Angeles Port,MAN001,TSMC,PROD001,Advanced Semiconductor,Taipei-Los Angeles Route,WH002,Chicago Distribution Center,MARKET002,North American Consumer Market,0.3715,16.72
39,PORT_CLOSURE,0.91,PORT005,Los Angeles Port,MAN002,Samsung Electronics,PROD002,Memory Chip,Shanghai-Los Angeles Route,WH002,Chicago Distribution Center,MARKET002,North American Consumer Market,0.3622,16.3
39,PORT_CLOSURE,0.91,PORT005,Los Angeles Port,MAN004,Foxconn,PROD004,Smartphone,Shanghai-Los Angeles Route,WH002,Chicago Distribution Center,MARKET002,North American Consumer Market,0.3624,16.31
39,PORT_CLOSURE,0.91,PORT005,Los Angeles Port,MAN004,Foxconn,PROD005,Laptop,Shanghai-Los Angeles Route,WH002,Chicago Distribution Center,MARKET002,North American Consumer Market,0.3624,16.31
39,PORT_CLOSURE,0.91,PORT005,Los Angeles Port,MAN001,TSMC,PROD001,Advanced Semiconductor,Taipei-Los Angeles Route,WH004,Los Angeles Distribution Center,MARKET002,North American Consumer Market,0.3715,16.72
39,PORT_CLOSURE,0.91,PORT005,Los Angeles Port,MAN002,Samsung Electronics,PROD002,Memory Chip,Shanghai-Los Angeles Route,WH004,Los Angeles Distribution Center,MARKET002,North American Consumer Market,0.3622,16.3
39,PORT_CLOSURE,0.91,PORT005,Los Angeles Port,MAN004,Foxconn,PROD004,Smartphone,Shanghai-Los Angeles Route,WH004,Los Angeles Distribution Center,MARKET002,North American Consumer Market,0.3624,16.31
39,PORT_CLOSURE,0.91,PORT005,Los Angeles Port,MAN004,Foxconn,PROD005,Laptop,Shanghai-Los Angeles Route,WH004,Los Angeles Distribution Center,MARKET002,North American Consumer Market,0.3624,16.31
40,SEVERE_WEATHER,0.46,PORT003,Rotterdam Port,MAN001,TSMC,PROD001,Advanced Semiconductor,Taipei-Rotterdam Route,WH001,Amsterdam Distribution Center,MARKET001,European Consumer Market,0.2411,10.85
40,SEVERE_WEATHER,0.46,PORT003,Rotterdam Port,MAN002,Samsung Electronics,PROD002,Memory Chip,Shanghai-Rotterdam Route,WH001,Amsterdam Distribution Center,MARKET001,European Consumer Market,0.247,11.12
40,SEVERE_WEATHER,0.46,PORT003,Rotterdam Port,MAN004,Foxconn,PROD004,Smartphone,Shanghai-Rotterdam Route,WH001,Amsterdam Distribution Center,MARKET001,European Consumer Market,0.2472,11.12
40,SEVERE_WEATHER,0.46,PORT003,Rotterdam Port,MAN004,Foxconn,PROD005,Laptop,Shanghai-Rotterdam Route,WH001,Amsterdam Distribution Center,MARKET001,European Consumer Market,0.2472,11.12
40,SEVERE_WEATHER,0.46,PORT003,Rotterdam Port,MAN003,Infineon Technologies,PROD003,Automotive Chip,Hamburg-Rotterdam Route,WH001,Amsterdam Distribution Center,MARKET001,European Consumer Market,0.1581,7.11
41,INFRASTRUCTURE_FAILURE,0.98,PORT005,Los Angeles Port,MAN001,TSMC,PROD001,Advanced Semiconductor,Taipei-Los Angeles Route,WH002,Chicago Distribution Center,MARKET002,North American Consumer Market,0.3288,14.8
41,INFRASTRUCTURE_FAILURE,0.98,PORT005,Los Angeles Port,MAN002,Samsung Electronics,PROD002,Memory Chip,Shanghai-Los Angeles Route,WH002,Chicago Distribution Center,MARKET002,North American Consumer Market,0.3209,14.44
41,INFRASTRUCTURE_FAILURE,0.98,PORT005,Los Angeles Port,MAN004,Foxconn,PROD004,Smartphone,Shanghai-Los Angeles Route,WH002,Chicago Distribution Center,MARKET002,North American Consumer Market,0.3211,14.45
41,INFRASTRUCTURE_FAILURE,0.98,PORT005,Los Angeles Port,MAN004,Foxconn,PROD005,Laptop,Shanghai-Los Angeles Route,WH002,Chicago Distribution Center,MARKET002,North American Consumer Market,0.3211,14.45
41,INFRASTRUCTURE_FAILURE,0.98,PORT005,Los Angeles Port,MAN001,TSMC,PROD001,Advanced Semiconductor,Taipei-Los Angeles Route,WH004,Los Angeles Distribution Center,MARKET002,North American Consumer Market,0.3288,14.8
41,INFRASTRUCTURE_FAILURE,0.98,PORT005,Los Angeles Port,MAN002,Samsung Electronics,PROD002,Memory Chip,Shanghai-Los Angeles Route,WH004,Los Angeles Distribution Center,MARKET002,North American Consumer Market,0.3209,14.44
41,INFRASTRUCTURE_FAILURE,0.98,PORT005,Los Angeles Port,MAN004,Foxconn,PROD004,Smartphone,Shanghai-Los Angeles Route,WH004,Los Angeles Distribution Center,MARKET002,North American Consumer Market,0.3211,14.45
41,INFRASTRUCTURE_FAILURE,0.98,PORT005,Los Angeles Port,MAN004,Foxconn,PROD005,Laptop,Shanghai-Los Angeles Route,WH004,Los Angeles Distribution Center,MARKET002,North American Consumer Market,0.3211,14.45
42,SEVERE_WEATHER,0.55,PORT003,Rotterdam Port,MAN001,TSMC,PROD001,Advanced Semiconductor,Taipei-Rotterdam Route,WH001,Amsterdam Distribution Center,MARKET001,European Consumer Market,0.2605,11.72
42,SEVERE_WEATHER,0.55,PORT003,Rotterdam Port,MAN002,Samsung Electronics,PROD002,Memory Chip,Shanghai-Rotterdam Route,WH001,Amsterdam Distribution Center,MARKET001,European Consumer Market,0.2664,11.99
42,SEVERE_WEATHER,0.55,PORT003,Rotterdam Port,MAN004,Foxconn,PROD004,Smartphone,Shanghai-Rotterdam Route,WH001,Amsterdam Distribution Center,MARKET001,European Consumer Market,0.2666,12.0
42,SEVERE_WEATHER,0.55,PORT003,Rotterdam Port,MAN004,Foxconn,PROD005,Laptop,Shanghai-Rotterdam Route,WH001,Amsterdam Distribution Center,MARKET001,European Consumer Market,0.2666,12.0
42,SEVERE_WEATHER,0.55,PORT003,Rotterdam Port,MAN003,Infineon Technologies,PROD003,Automotive Chip,Hamburg-Rotterdam Route,WH001,Amsterdam Distribution Center,MARKET001,European Consumer Market,0.1775,7.99
43,SEVERE_WEATHER,0.53,PORT003,Rotterdam Port,MAN001,TSMC,PROD001,Advanced Semiconductor,Taipei-Rotterdam Route,WH001,Amsterdam Distribution Center,MARKET001,European Consumer Market,0.2562,11.53
43,SEVERE_WEATHER,0.53,PORT003,Rotterdam Port,MAN002,Samsung Electronics,PROD002,Memory Chip,Shanghai-Rotterdam Route,WH001,Amsterdam Distribution Center,MARKET001,European Consumer Market,0.2621,11.79
43,SEVERE_WEATHER,0.53,PORT003,Rotterdam Port,MAN004,Foxconn,PROD004,Smartphone,Shanghai-Rotterdam Route,WH001,Amsterdam Distribution Center,MARKET001,European Consumer Market,0.2623,11.8
43,SEVERE_WEATHER,0.53,PORT003,Rotterdam Port,MAN004,Foxconn,PROD005,Laptop,Shanghai-Rotterdam Route,WH001,Amsterdam Distribution Center,MARKET001,European Consumer Market,0.2623,11.8
43,SEVERE_WEATHER,0.53,PORT003,Rotterdam Port,MAN003,Infineon Technologies,PROD003,Automotive Chip,Hamburg-Rotterdam Route,WH001,Amsterdam Distribution Center,MARKET001,European Consumer Market,0.1732,7.79
44,SEVERE_WEATHER,0.97,PORT003,Rotterdam Port,MAN001,TSMC,PROD001,Advanced Semiconductor,Taipei-Rotterdam Route,WH001,Amsterdam Distribution Center,MARKET001,European Consumer Market,0.3511,15.8
44,SEVERE_WEATHER,0.97,PORT003,Rotterdam Port,MAN002,Samsung Electronics,PROD002,Memory Chip,Shanghai-Rotterdam Route,WH001,Amsterdam Distribution Center,MARKET001,European Consumer Market,0.357,16.06
44,SEVERE_WEATHER,0.97,PORT003,Rotterdam Port,MAN004,Foxconn,PROD004,Smartphone,Shanghai-Rotterdam Route,WH001,Amsterdam Distribution Center,MARKET001,European Consumer Market,0.3571,16.07
44,SEVERE_WEATHER,0.97,PORT003,Rotterdam Port,MAN004,Foxconn,PROD005,Laptop,Shanghai-Rotterdam Route,WH001,Amsterdam Distribution Center,MARKET001,European Consumer Market,0.3571,16.07
44,SEVERE_WEATHER,0.97,PORT003,Rotterdam Port,MAN003,Infineon Technologies,PROD003,Automotive Chip,Hamburg-Rotterdam Route,WH001,Amsterdam Distribution Center,MARKET001,European Consumer Market,0.2681,12.06
45,PORT_STRIKE,0.58,PORT003,Rotterdam Port,MAN001,TSMC,PROD001,Advanced Semiconductor,Taipei-Rotterdam Route,WH001,Amsterdam Distribution Center,MARKET001,European Consumer Market,0.2322,10.45
45,PORT_STRIKE,0.58,PORT003,Rotterdam Port,MAN002,Samsung Electronics,PROD002,Memory Chip,Shanghai-Rotterdam Route,WH001,Amsterdam Distribution Center,MARKET001,European Consumer Market,0.2373,10.68
45,PORT_STRIKE,0.58,PORT003,Rotterdam Port,MAN004,Foxconn,PROD004,Smartphone,Shanghai-Rotterdam Route,WH001,Amsterdam Distribution Center,MARKET001,European Consumer Market,0.2374,10.68
45,PORT_STRIKE,0.58,PORT003,Rotterdam Port,MAN004,Foxconn,PROD005,Laptop,Shanghai-Rotterdam Route,WH001,Amsterdam Distribution Center,MARKET001,European Consumer Market,0.2374,10.68
45,PORT_STRIKE,0.58,PORT003,Rotterdam Port,MAN003,Infineon Technologies,PROD003,Automotive Chip,Hamburg-Rotterdam Route,WH001,Amsterdam Distribution Center,MARKET001,European Consumer Market,0.16,7.2
46,PORT_STRIKE,0.94,PORT005,Los Angeles Port,MAN001,TSMC,PROD001,Advanced Semiconductor,Taipei-Los Angeles Route,WH002,Chicago Distribution Center,MARKET002,North American Consumer Market,0.2914,13.11
46,PORT_STRIKE,0.94,PORT005,Los Angeles Port,MAN002,Samsung Electronics,PROD002,Memory Chip,Shanghai-Los Angeles Route,WH002,Chicago Distribution Center,MARKET002,North American Consumer Market,0.2843,12.79
46,PORT_STRIKE,0.94,PORT005,Los Angeles Port,MAN004,Foxconn,PROD004,Smartphone,Shanghai-Los Angeles Route,WH002,Chicago Distribution Center,MARKET002,North American Consumer Market,0.2844,12.8
46,PORT_STRIKE,0.94,PORT005,Los Angeles Port,MAN004,Foxconn,PROD005,Laptop,Shanghai-Los Angeles Route,WH002,Chicago Distribution Center,MARKET002,North American Consumer Market,0.2844,12.8
46,PORT_STRIKE,0.94,PORT005,Los Angeles Port,MAN001,TSMC,PROD001,Advanced Semiconductor,Taipei-Los Angeles Route,WH004,Los Angeles Distribution Center,MARKET002,North American Consumer Market,0.2914,13.11
46,PORT_STRIKE,0.94,PORT005,Los Angeles Port,MAN002,Samsung Electronics,PROD002,Memory Chip,Shanghai-Los Angeles Route,WH004,Los Angeles Distribution Center,MARKET002,North American Consumer Market,0.2843,12.79
46,PORT_STRIKE,0.94,PORT005,Los Angeles Port,MAN004,Foxconn,PROD004,Smartphone,Shanghai-Los Angeles Route,WH004,Los Angeles Distribution Center,MARKET002,North American Consumer Market,0.2844,12.8
46,PORT_STRIKE,0.94,PORT005,Los Angeles Port,MAN004,Foxconn,PROD005,Laptop,Shanghai-Los Angeles Route,WH004,Los Angeles Distribution Center,MARKET002,North American Consumer Market,0.2844,12.8
47,PORT_STRIKE,0.8,PORT005,Los Angeles Port,MAN001,TSMC,PROD001,Advanced Semiconductor,Taipei-Los Angeles Route,WH002,Chicago Distribution Center,MARKET002,North American Consumer Market,0.2652,11.93
47,PORT_STRIKE,0.8,PORT005,Los Angeles Port,MAN002,Samsung Electronics,PROD002,Memory Chip,Shanghai-Los Angeles Route,WH002,Chicago Distribution Center,MARKET002,North American Consumer Market,0.258,11.61
47,PORT_STRIKE,0.8,PORT005,Los Angeles Port,MAN004,Foxconn,PROD004,Smartphone,Shanghai-Los Angeles Route,WH002,Chicago Distribution Center,MARKET002,North American Consumer Market,0.2581,11.61
47,PORT_STRIKE,0.8,PORT005,Los Angeles Port,MAN004,Foxconn,PROD005,Laptop,Shanghai-Los Angeles Route,WH002,Chicago Distribution Center,MARKET002,North American Consumer Market,0.2581,11.61
47,PORT_STRIKE,0.8,PORT005,Los Angeles Port,MAN001,TSMC,PROD001,Advanced Semiconductor,Taipei-Los Angeles Route,WH004,Los Angeles Distribution Center,MARKET002,North American Consumer Market,0.2652,11.93
47,PORT_STRIKE,0.8,PORT005,Los Angeles Port,MAN002,Samsung Electronics,PROD002,Memory Chip,Shanghai-Los Angeles Route,WH004,Los Angeles Distribution Center,MARKET002,North American Consumer Market,0.258,11.61
47,PORT_STRIKE,0.8,PORT005,Los Angeles Port,MAN004,Foxconn,PROD004,Smartphone,Shanghai-Los Angeles Route,WH004,Los Angeles Distribution Center,MARKET002,North American Consumer Market,0.2581,11.61
47,PORT_STRIKE,0.8,PORT005,Los Angeles Port,MAN004,Foxconn,PROD005,Laptop,Shanghai-Los Angeles Route,WH004,Los Angeles Distribution Center,MARKET002,North American Consumer Market,0.2581,11.61
48,PORT_STRIKE,0.6,PORT003,Rotterdam Port,MAN001,TSMC,PROD001,Advanced Semiconductor,Taipei-Rotterdam Route,WH001,Amsterdam Distribution Center,MARKET001,European Consumer Market,0.2359,10.62
48,PORT_STRIKE,0.6,PORT003,Rotterdam Port,MAN002,Samsung Electronics,PROD002,Memory Chip,Shanghai-Rotterdam Route,WH001,Amsterdam Distribution Center,MARKET001,European Consumer Market,0.2411,10.85
48,PORT_STRIKE,0.6,PORT003,Rotterdam Port,MAN004,Foxconn,PROD004,Smartphone,Shanghai-Rotterdam Route,WH001,Amsterdam Distribution Center,MARKET001,European Consumer Market,0.2412,10.85
48,PORT_STRIKE,0.6,PORT003,Rotterdam Port,MAN004,Foxconn,PROD005,Laptop,Shanghai-Rotterdam Route,WH001,Amsterdam Distribution Center,MARKET001,European Consumer Market,0.2412,10.85
48,PORT_STRIKE,0.6,PORT003,Rotterdam Port,MAN003,Infineon Technologies,PROD003,Automotive Chip,Hamburg-Rotterdam Route,WH001,Amsterdam Distribution Center,MARKET001,European Consumer Market,0.1638,7.37
49,INFRASTRUCTURE_FAILURE,0.53,PORT003,Rotterdam Port,MAN001,TSMC,PROD001,Advanced Semiconductor,Taipei-Rotterdam Route,WH001,Amsterdam Distribution Center,MARKET001,European Consumer Market,0.2451,11.03
49,INFRASTRUCTURE_FAILURE,0.53,PORT003,Rotterdam Port,MAN002,Samsung Electronics,PROD002,Memory Chip,Shanghai-Rotterdam Route,WH001,Amsterdam Distribution Center,MARKET001,European Consumer Market,0.2507,11.28
49,INFRASTRUCTURE_FAILURE,0.53,PORT003,Rotterdam Port,MAN004,Foxconn,PROD004,Smartphone,Shanghai-Rotterdam Route,WH001,Amsterdam Distribution Center,MARKET001,European Consumer Market,0.2509,11.29
49,INFRASTRUCTURE_FAILURE,0.53,PORT003,Rotterdam Port,MAN004,Foxconn,PROD005,Laptop,Shanghai-Rotterdam Route,WH001,Amsterdam Distribution Center,MARKET001,European Consumer Market,0.2509,11.29
49,INFRASTRUCTURE_FAILURE,0.53,PORT003,Rotterdam Port,MAN003,Infineon Technologies,PROD003,Automotive Chip,Hamburg-Rotterdam Route,WH001,Amsterdam Distribution Center,MARKET001,European Consumer Market,0.1657,7.46
50,INFRASTRUCTURE_FAILURE,0.5,PORT005,Los Angeles Port,MAN001,TSMC,PROD001,Advanced Semiconductor,Taipei-Los Angeles Route,WH002,Chicago Distribution Center,MARKET002,North American Consumer Market,0.2298,10.34
50,INFRASTRUCTURE_FAILURE,0.5,PORT005,Los Angeles Port,MAN002,Samsung Electronics,PROD002,Memory Chip,Shanghai-Los Angeles Route,WH002,Chicago Distribution Center,MARKET002,North American Consumer Market,0.2219,9.99
50,INFRASTRUCTURE_FAILURE,0.5,PORT005,Los Angeles Port,MAN004,Foxconn,PROD004,Smartphone,Shanghai-Los Angeles Route,WH002,Chicago Distribution Center,MARKET002,North American Consumer Market,0.2221,9.99
50,INFRASTRUCTURE_FAILURE,0.5,PORT005,Los Angeles Port,MAN004,Foxconn,PROD005,Laptop,Shanghai-Los Angeles Route,WH002,Chicago Distribution Center,MARKET002,North American Consumer Market,0.2221,9.99
50,INFRASTRUCTURE_FAILURE,0.5,PORT005,Los Angeles Port,MAN001,TSMC,PROD001,Advanced Semiconductor,Taipei-Los Angeles Route,WH004,Los Angeles Distribution Center,MARKET002,North American Consumer Market,0.2298,10.34
50,INFRASTRUCTURE_FAILURE,0.5,PORT005,Los Angeles Port,MAN002,Samsung Electronics,PROD002,Memory Chip,Shanghai-Los Angeles Route,WH004,Los Angeles Distribution Center,MARKET002,North American Consumer Market,0.2219,9.99
50,INFRASTRUCTURE_FAILURE,0.5,PORT005,Los Angeles Port,MAN004,Foxconn,PROD004,Smartphone,Shanghai-Los Angeles Route,WH004,Los Angeles Distribution Center,MARKET002,North American Consumer Market,0.2221,9.99
50,INFRASTRUCTURE_FAILURE,0.5,PORT005,Los Angeles Port,MAN004,Foxconn,PROD005,Laptop,Shanghai-Los Angeles Route,WH004,Los Angeles Distribution Center,MARKET002,North American Consumer Market,0.2221,9.99
51,PORT_STRIKE,1.0,PORT005,Los Angeles Port,MAN001,TSMC,PROD001,Advanced Semiconductor,Taipei-Los Angeles Route,WH002,Chicago Distribution Center,MARKET002,North American Consumer Market,0.3027,13.62
51,PORT_STRIKE,1.0,PORT005,Los Angeles Port,MAN002,Samsung Electronics,PROD002,Memory Chip,Shanghai-Los Angeles Route,WH002,Chicago Distribution Center,MARKET002,North American Consumer Market,0.2955,13.3
51,PORT_STRIKE,1.0,PORT005,Los Angeles Port,MAN004,Foxconn,PROD004,Smartphone,Shanghai-Los Angeles Route,WH002,Chicago Distribution Center,MARKET002,North American Consumer Market,0.2956,13.3
51,PORT_STRIKE,1.0,PORT005,Los Angeles Port,MAN004,Foxconn,PROD005,Laptop,Shanghai-Los Angeles Route,WH002,Chicago Distribution Center,MARKET002,North American Consumer Market,0.2956,13.3
51,PORT_STRIKE,1.0,PORT005,Los Angeles Port,MAN001,TSMC,PROD001,Advanced Semiconductor,Taipei-Los Angeles Route,WH004,Los Angeles Distribution Center,MARKET002,North American Consumer Market,0.3027,13.62
51,PORT_STRIKE,1.0,PORT005,Los Angeles Port,MAN002,Samsung Electronics,PROD002,Memory Chip,Shanghai-Los Angeles Route,WH004,Los Angeles Distribution Center,MARKET002,North American Consumer Market,0.2955,13.3
51,PORT_STRIKE,1.0,PORT005,Los Angeles Port,MAN004,Foxconn,PROD004,Smartphone,Shanghai-Los Angeles Route,WH004,Los Angeles Distribution Center,MARKET002,North American Consumer Market,0.2956,13.3
51,PORT_STRIKE,1.0,PORT005,Los Angeles Port,MAN004,Foxconn,PROD005,Laptop,Shanghai-Los Angeles Route,WH004,Los Angeles Distribution Center,MARKET002,North American Consumer Market,0.2956,13.3
52,PORT_STRIKE,0.85,PORT005,Los Angeles Port,MAN001,TSMC,PROD001,Advanced Semiconductor,Taipei-Los Angeles Route,WH002,Chicago Distribution Center,MARKET002,North American Consumer Market,0.2746,12.36
52,PORT_STRIKE,0.85,PORT005,Los Angeles Port,MAN002,Samsung Electronics,PROD002,Memory Chip,Shanghai-Los Angeles Route,WH002,Chicago Distribution Center,MARKET002,North American Consumer Market,0.2674,12.03
52,PORT_STRIKE,0.85,PORT005,Los Angeles Port,MAN004,Foxconn,PROD004,Smartphone,Shanghai-Los Angeles Route,WH002,Chicago Distribution Center,MARKET002,North American Consumer Market,0.2675,12.04
52,PORT_STRIKE,0.85,PORT005,Los Angeles Port,MAN004,Foxconn,PROD005,Laptop,Shanghai-Los Angeles Route,WH002,Chicago Distribution Center,MARKET002,North American Consumer Market,0.2675,12.04
52,PORT_STRIKE,0.85,PORT005,Los Angeles Port,MAN001,TSMC,PROD001,Advanced Semiconductor,Taipei-Los Angeles Route,WH004,Los Angeles Distribution Center,MARKET002,North American Consumer Market,0.2746,12.36
52,PORT_STRIKE,0.85,PORT005,Los Angeles Port,MAN002,Samsung Electronics,PROD002,Memory Chip,Shanghai-Los Angeles Route,WH004,Los Angeles Distribution Center,MARKET002,North American Consumer Market,0.2674,12.03
52,PORT_STRIKE,0.85,PORT005,Los Angeles Port,MAN004,Foxconn,PROD004,Smartphone,Shanghai-Los Angeles Route,WH004,Los Angeles Distribution Center,MARKET002,North American Consumer Market,0.2675,12.04
52,PORT_STRIKE,0.85,PORT005,Los Angeles Port,MAN004,Foxconn,PROD005,Laptop,Shanghai-Los Angeles Route,WH004,Los Angeles Distribution Center,MARKET002,North American Consumer Market,0.2675,12.04
53,PORT_CLOSURE,0.72,PORT005,Los Angeles Port,MAN001,TSMC,PROD001,Advanced Semiconductor,Taipei-Los Angeles Route,WH002,Chicago Distribution Center,MARKET002,North American Consumer Market,0.3252,14.63
53,PORT_CLOSURE,0.72,PORT005,Los Angeles Port,MAN002,Samsung Electronics,PROD002,Memory Chip,Shanghai-Los Angeles Route,WH002,Chicago Distribution Center,MARKET002,North American Consumer Market,0.3159,14.22
53,PORT_CLOSURE,0.72,PORT005,Los Angeles Port,MAN004,Foxconn,PROD004,Smartphone,Shanghai-Los Angeles Route,WH002,Chicago Distribution Center,MARKET002,North American Consumer Market,0.3161,14.22
53,PORT_CLOSURE,0.72,PORT005,Los Angeles Port,MAN004,Foxconn,PROD005,Laptop,Shanghai-Los Angeles Route,WH002,Chicago Distribution Center,MARKET002,North American Consumer Market,0.3161,14.22
53,PORT_CLOSURE,0.72,PORT005,Los Angeles Port,MAN001,TSMC,PROD001,Advanced Semiconductor,Taipei-Los Angeles Route,WH004,Los Angeles Distribution Center,MARKET002,North American Consumer Market,0.3252,14.63
53,PORT_CLOSURE,0.72,PORT005,Los Angeles Port,MAN002,Samsung Electronics,PROD002,Memory Chip,Shanghai-Los Angeles Route,WH004,Los Angeles Distribution Center,MARKET002,North American Consumer Market,0.3159,14.22
53,PORT_CLOSURE,0.72,PORT005,Los Angeles Port,MAN004,Foxconn,PROD004,Smartphone,Shanghai-Los Angeles Route,WH004,Los Angeles Distribution Center,MARKET002,North American Consumer Market,0.3161,14.22
53,PORT_CLOSURE,0.72,PORT005,Los Angeles Port,MAN004,Foxconn,PROD005,Laptop,Shanghai-Los Angeles Route,WH004,Los Angeles Distribution Center,MARKET002,North American Consumer Market,0.3161,14.22
54,SEVERE_WEATHER,0.85,PORT005,Los Angeles Port,MAN001,TSMC,PROD001,Advanced Semiconductor,Taipei-Los Angeles Route,WH002,Chicago Distribution Center,MARKET002,North American Consumer Market,0.3157,14.21
54,SEVERE_WEATHER,0.85,PORT005,Los Angeles Port,MAN002,Samsung Electronics,PROD002,Memory Chip,Shanghai-Los Angeles Route,WH002,Chicago Distribution Center,MARKET002,North American Consumer Market,0.3075,13.84
54,SEVERE_WEATHER,0.85,PORT005,Los Angeles Port,MAN004,Foxconn,PROD004,Smartphone,Shanghai-Los Angeles Route,WH002,Chicago Distribution Center,MARKET002,North American Consumer Market,0.3076,13.84
54,SEVERE_WEATHER,0.85,PORT005,Los Angeles Port,MAN004,Foxconn,PROD005,Laptop,Shanghai-Los Angeles Route,WH002,Chicago Distribution Center,MARKET002,North American Consumer Market,0.3076,13.84
54,SEVERE_WEATHER,0.85,PORT005,Los Angeles Port,MAN001,TSMC,PROD001,Advanced Semiconductor,Taipei-Los Angeles Route,WH004,Los Angeles Distribution Center,MARKET002,North American Consumer Market,0.3157,14.21
54,SEVERE_WEATHER,0.85,PORT005,Los Angeles Port,MAN002,Samsung Electronics,PROD002,Memory Chip,Shanghai-Los Angeles Route,WH004,Los Angeles Distribution Center,MARKET002,North American Consumer Market,0.3075,13.84
54,SEVERE_WEATHER,0.85,PORT005,Los Angeles Port,MAN004,Foxconn,PROD004,Smartphone,Shanghai-Los Angeles Route,WH004,Los Angeles Distribution Center,MARKET002,North American Consumer Market,0.3076,13.84
54,SEVERE_WEATHER,0.85,PORT005,Los Angeles Port,MAN004,Foxconn,PROD005,Laptop,Shanghai-Los Angeles Route,WH004,Los Angeles Distribution Center,MARKET002,North American Consumer Market,0.3076,13.84
55,SEVERE_WEATHER,0.72,PORT005,Los Angeles Port,MAN001,TSMC,PROD001,Advanced Semiconductor,Taipei-Los Angeles Route,WH002,Chicago Distribution Center,MARKET002,North American Consumer Market,0.2877,12.95
55,SEVERE_WEATHER,0.72,PORT005,Los Angeles Port,MAN002,Samsung Electronics,PROD002,Memory Chip,Shanghai-Los Angeles Route,WH002,Chicago Distribution Center,MARKET002,North American Consumer Market,0.2795,12.58
55,SEVERE_WEATHER,0.72,PORT005,Los Angeles Port,MAN004,Foxconn,PROD004,Smartphone,Shanghai-Los Angeles Route,WH002,Chicago Distribution Center,MARKET002,North American Consumer Market,0.2796,12.58
55,SEVERE_WEATHER,0.72,PORT005,Los Angeles Port,MAN004,Foxconn,PROD005,Laptop,Shanghai-Los Angeles Route,WH002,Chicago Distribution Center,MARKET002,North American Consumer Market,0.2796,12.58
55,SEVERE_WEATHER,0.72,PORT005,Los Angeles Port,MAN001,TSMC,PROD001,Advanced Semiconductor,Taipei-Los Angeles Route,WH004,Los Angeles Distribution Center,MARKET002,North American Consumer Market,0.2877,12.95
55,SEVERE_WEATHER,0.72,PORT005,Los Angeles Port,MAN002,Samsung Electronics,PROD002,Memory Chip,Shanghai-Los Angeles Route,WH004,Los Angeles Distribution Center,MARKET002,North American Consumer Market,0.2795,12.58
55,SEVERE_WEATHER,0.72,PORT005,Los Angeles Port,MAN004,Foxconn,PROD004,Smartphone,Shanghai-Los Angeles Route,WH004,Los Angeles Distribution Center,MARKET002,North American Consumer Market,0.2796,12.58
55,SEVERE_WEATHER,0.72,PORT005,Los Angeles Port,MAN004,Foxconn,PROD005,Laptop,Shanghai-Los Angeles Route,WH004,Los Angeles Distribution Center,MARKET002,North American Consumer Market,0.2796,12.58
56,PORT_CLOSURE,0.82,PORT005,Los Angeles Port,MAN001,TSMC,PROD001,Advanced Semiconductor,Taipei-Los Angeles Route,WH002,Chicago Distribution Center,MARKET002,North American Consumer Market,0.3496,15.73
56,PORT_CLOSURE,0.82,PORT005,Los Angeles Port,MAN002,Samsung Electronics,PROD002,Memory Chip,Shanghai-Los Angeles Route,WH002,Chicago Distribution Center,MARKET002,North American Consumer Market,0.3403,15.31
56,PORT_CLOSURE,0.82,PORT005,Los Angeles Port,MAN004,Foxconn,PROD004,Smartphone,Shanghai-Los Angeles Route,WH002,Chicago Distribution Center,MARKET002,North American Consumer Market,0.3404,15.32
56,PORT_CLOSURE,0.82,PORT005,Los Angeles Port,MAN004,Foxconn,PROD005,Laptop,Shanghai-Los Angeles Route,WH002,Chicago Distribution Center,MARKET002,North American Consumer Market,0.3404,15.32
56,PORT_CLOSURE,0.82,PORT005,Los Angeles Port,MAN001,TSMC,PROD001,Advanced Semiconductor,Taipei-Los Angeles Route,WH004,Los Angeles Distribution Center,MARKET002,North American Consumer Market,0.3496,15.73
56,PORT_CLOSURE,0.82,PORT005,Los Angeles Port,MAN002,Samsung Electronics,PROD002,Memory Chip,Shanghai-Los Angeles Route,WH004,Los Angeles Distribution Center,MARKET002,North American Consumer Market,0.3403,15.31
56,PORT_CLOSURE,0.82,PORT005,Los Angeles Port,MAN004,Foxconn,PROD004,Smartphone,Shanghai-Los Angeles Route,WH004,Los Angeles Distribution Center,MARKET002,North American Consumer Market,0.3404,15.32
56,PORT_CLOSURE,0.82,PORT005,Los Angeles Port,MAN004,Foxconn,PROD005,Laptop,Shanghai-Los Angeles Route,WH004,Los Angeles Distribution Center,MARKET002,North American Consumer Market,0.3404,15.32
57,PORT_STRIKE,0.84,PORT005,Los Angeles Port,MAN001,TSMC,PROD001,Advanced Semiconductor,Taipei-Los Angeles Route,WH002,Chicago Distribution Center,MARKET002,North American Consumer Market,0.2727,12.27
57,PORT_STRIKE,0.84,PORT005,Los Angeles Port,MAN002,Samsung Electronics,PROD002,Memory Chip,Shanghai-Los Angeles Route,WH002,Chicago Distribution Center,MARKET002,North American Consumer Market,0.2655,11.95
57,PORT_STRIKE,0.84,PORT005,Los Angeles Port,MAN004,Foxconn,PROD004,Smartphone,Shanghai-Los Angeles Route,WH002,Chicago Distribution Center,MARKET002,North American Consumer Market,0.2656,11.95
57,PORT_STRIKE,0.84,PORT005,Los Angeles Port,MAN004,Foxconn,PROD005,Laptop,Shanghai-Los Angeles Route,WH002,Chicago Distribution Center,MARKET002,North American Consumer Market,0.2656,11.95
57,PORT_STRIKE,0.84,PORT005,Los Angeles Port,MAN001,TSMC,PROD001,Advanced Semiconductor,Taipei-Los Angeles Route,WH004,Los Angeles Distribution Center,MARKET002,North American Consumer Market,0.2727,12.27
57,PORT_STRIKE,0.84,PORT005,Los Angeles Port,MAN002,Samsung Electronics,PROD002,Memory Chip,Shanghai-Los Angeles Route,WH004,Los Angeles Distribution Center,MARKET002,North American Consumer Market,0.2655,11.95
57,PORT_STRIKE,0.84,PORT005,Los Angeles Port,MAN004,Foxconn,PROD004,Smartphone,Shanghai-Los Angeles Route,WH004,Los Angeles Distribution Center,MARKET002,North American Consumer Market,0.2656,11.95
57,PORT_STRIKE,0.84,PORT005,Los Angeles Port,MAN004,Foxconn,PROD005,Laptop,Shanghai-Los Angeles Route,WH004,Los Angeles Distribution Center,MARKET002,North American Consumer Market,0.2656,11.95
58,SEVERE_WEATHER,0.42,PORT003,Rotterdam Port,MAN001,TSMC,PROD001,Advanced Semiconductor,Taipei-Rotterdam Route,WH001,Amsterdam Distribution Center,MARKET001,European Consumer Market,0.2325,10.46
58,SEVERE_WEATHER,0.42,PORT003,Rotterdam Port,MAN002,Samsung Electronics,PROD002,Memory Chip,Shanghai-Rotterdam Route,WH001,Amsterdam Distribution Center,MARKET001,European Consumer Market,0.2384,10.73
58,SEVERE_WEATHER,0.42,PORT003,Rotterdam Port,MAN004,Foxconn,PROD004,Smartphone,Shanghai-Rotterdam Route,WH001,Amsterdam Distribution Center,MARKET001,European Consumer Market,0.2385,10.73
58,SEVERE_WEATHER,0.42,PORT003,Rotterdam Port,MAN004,Foxconn,PROD005,Laptop,Shanghai-Rotterdam Route,WH001,Amsterdam Distribution Center,MARKET001,European Consumer Market,0.2385,10.73
58,SEVERE_WEATHER,0.42,PORT003,Rotterdam Port,MAN003,Infineon Technologies,PROD003,Automotive Chip,Hamburg-Rotterdam Route,WH001,Amsterdam Distribution Center,MARKET001,European Consumer Market,0.1495,6.73
59,PORT_CLOSURE,0.41,PORT005,Los Angeles Port,MAN001,TSMC,PROD001,Advanced Semiconductor,Taipei-Los Angeles Route,WH002,Chicago Distribution Center,MARKET002,North American Consumer Market,0.2497,11.24
59,PORT_CLOSURE,0.41,PORT005,Los Angeles Port,MAN002,Samsung Electronics,PROD002,Memory Chip,Shanghai-Los Angeles Route,WH002,Chicago Distribution Center,MARKET002,North American Consumer Market,0.2404,10.82
59,PORT_CLOSURE,0.41,PORT005,Los Angeles Port,MAN004,Foxconn,PROD004,Smartphone,Shanghai-Los Angeles Route,WH002,Chicago Distribution Center,MARKET002,North American Consumer Market,0.2405,10.82
59,PORT_CLOSURE,0.41,PORT005,Los Angeles Port,MAN004,Foxconn,PROD005,Laptop,Shanghai-Los Angeles Route,WH002,Chicago Distribution Center,MARKET002,North American Consumer Market,0.2405,10.82
59,PORT_CLOSURE,0.41,PORT005,Los Angeles Port,MAN001,TSMC,PROD001,Advanced Semiconductor,Taipei-Los Angeles Route,WH004,Los Angeles Distribution Center,MARKET002,North American Consumer Market,0.2497,11.24
59,PORT_CLOSURE,0.41,PORT005,Los Angeles Port,MAN002,Samsung Electronics,PROD002,Memory Chip,Shanghai-Los Angeles Route,WH004,Los Angeles Distribution Center,MARKET002,North American Consumer Market,0.2404,10.82
59,PORT_CLOSURE,0.41,PORT005,Los Angeles Port,MAN004,Foxconn,PROD004,Smartphone,Shanghai-Los Angeles Route,WH004,Los Angeles Distribution Center,MARKET002,North American Consumer Market,0.2405,10.82
59,PORT_CLOSURE,0.41,PORT005,Los Angeles Port,MAN004,Foxconn,PROD005,Laptop,Shanghai-Los Angeles Route,WH004,Los Angeles Distribution Center,MARKET002,North American Consumer Market,0.2405,10.82
60,INFRASTRUCTURE_FAILURE,0.91,PORT003,Rotterdam Port,MAN001,TSMC,PROD001,Advanced Semiconductor,Taipei-Rotterdam Route,WH001,Amsterdam Distribution Center,MARKET001,European Consumer Market,0.3235,14.56
60,INFRASTRUCTURE_FAILURE,0.91,PORT003,Rotterdam Port,MAN002,Samsung Electronics,PROD002,Memory Chip,Shanghai-Rotterdam Route,WH001,Amsterdam Distribution Center,MARKET001,European Consumer Market,0.3291,14.81
60,INFRASTRUCTURE_FAILURE,0.91,PORT003,Rotterdam Port,MAN004,Foxconn,PROD004,Smartphone,Shanghai-Rotterdam Route,WH001,Amsterdam Distribution Center,MARKET001,European Consumer Market,0.3292,14.81
60,INFRASTRUCTURE_FAILURE,0.91,PORT003,Rotterdam Port,MAN004,Foxconn,PROD005,Laptop,Shanghai-Rotterdam Route,WH001,Amsterdam Distribution Center,MARKET001,European Consumer Market,0.3292,14.81
60,INFRASTRUCTURE_FAILURE,0.91,PORT003,Rotterdam Port,MAN003,Infineon Technologies,PROD003,Automotive Chip,Hamburg-Rotterdam Route,WH001,Amsterdam Distribution Center,MARKET001,European Consumer Market,0.2441,10.98
61,PORT_STRIKE,0.5,PORT005,Los Angeles Port,MAN001,TSMC,PROD001,Advanced Semiconductor,Taipei-Los Angeles Route,WH002,Chicago Distribution Center,MARKET002,North American Consumer Market,0.2089,9.4
61,PORT_STRIKE,0.5,PORT005,Los Angeles Port,MAN002,Samsung Electronics,PROD002,Memory Chip,Shanghai-Los Angeles Route,WH002,Chicago Distribution Center,MARKET002,North American Consumer Market,0.2018,9.08
61,PORT_STRIKE,0.5,PORT005,Los Angeles Port,MAN004,Foxconn,PROD004,Smartphone,Shanghai-Los Angeles Route,WH002,Chicago Distribution Center,MARKET002,North American Consumer Market,0.2019,9.09
61,PORT_STRIKE,0.5,PORT005,Los Angeles Port,MAN004,Foxconn,PROD005,Laptop,Shanghai-Los Angeles Route,WH002,Chicago Distribution Center,MARKET002,North American Consumer Market,0.2019,9.09
61,PORT_STRIKE,0.5,PORT005,Los Angeles Port,MAN001,TSMC,PROD001,Advanced Semiconductor,Taipei-Los Angeles Route,WH004,Los Angeles Distribution Center,MARKET002,North American Consumer Market,0.2089,9.4
61,PORT_STRIKE,0.5,PORT005,Los Angeles Port,MAN002,Samsung Electronics,PROD002,Memory Chip,Shanghai-Los Angeles Route,WH004,Los Angeles Distribution Center,MARKET002,North American Consumer Market,0.2018,9.08
61,PORT_STRIKE,0.5,PORT005,Los Angeles Port,MAN004,Foxconn,PROD004,Smartphone,Shanghai-Los Angeles Route,WH004,Los Angeles Distribution Center,MARKET002,North American Consumer Market,0.2019,9.09
61,PORT_STRIKE,0.5,PORT005,Los Angeles Port,MAN004,Foxconn,PROD005,Laptop,Shanghai-Los Angeles Route,WH004,Los Angeles Distribution Center,MARKET002,North American Consumer Market,0.2019,9.09
62,INFRASTRUCTURE_FAILURE,0.49,PORT005,Los Angeles Port,MAN001,TSMC,PROD001,Advanced Semiconductor,Taipei-Los Angeles Route,WH002,Chicago Distribution Center,MARKET002,North American Consumer Market,0.2278,10.25
62,INFRASTRUCTURE_FAILURE,0.49,PORT005,Los Angeles Port,MAN002,Samsung Electronics,PROD002,Memory Chip,Shanghai-Los Angeles Route,WH002,Chicago Distribution Center,MARKET002,North American Consumer Market,0.2199,9.9
62,INFRASTRUCTURE_FAILURE,0.49,PORT005,Los Angeles Port,MAN004,Foxconn,PROD004,Smartphone,Shanghai-Los Angeles Route,WH002,Chicago Distribution Center,MARKET002,North American Consumer Market,0.22,9.9
62,INFRASTRUCTURE_FAILURE,0.49,PORT005,Los Angeles Port,MAN004,Foxconn,PROD005,Laptop,Shanghai-Los Angeles Route,WH002,Chicago Distribution Center,MARKET002,North American Consumer Market,0.22,9.9
62,INFRASTRUCTURE_FAILURE,0.49,PORT005,Los Angeles Port,MAN001,TSMC,PROD001,Advanced Semiconductor,Taipei-Los Angeles Route,WH004,Los Angeles Distribution Center,MARKET002,North American Consumer Market,0.2278,10.25
62,INFRASTRUCTURE_FAILURE,0.49,PORT005,Los Angeles Port,MAN002,Samsung Electronics,PROD002,Memory Chip,Shanghai-Los Angeles Route,WH004,Los Angeles Distribution Center,MARKET002,North American Consumer Market,0.2199,9.9
62,INFRASTRUCTURE_FAILURE,0.49,PORT005,Los Angeles Port,MAN004,Foxconn,PROD004,Smartphone,Shanghai-Los Angeles Route,WH004,Los Angeles Distribution Center,MARKET002,North American Consumer Market,0.22,9.9
62,INFRASTRUCTURE_FAILURE,0.49,PORT005,Los Angeles Port,MAN004,Foxconn,PROD005,Laptop,Shanghai-Los Angeles Route,WH004,Los Angeles Distribution Center,MARKET002,North American Consumer Market,0.22,9.9
63,PORT_STRIKE,0.49,PORT005,Los Angeles Port,MAN001,TSMC,PROD001,Advanced Semiconductor,Taipei-Los Angeles Route,WH002,Chicago Distribution Center,MARKET002,North American Consumer Market,0.2071,9.32
63,PORT_STRIKE,0.49,PORT005,Los Angeles Port,MAN002,Samsung Electronics,PROD002,Memory Chip,Shanghai-Los Angeles Route,WH002,Chicago Distribution Center,MARKET002,North American Consumer Market,0.1999,9.0
63,PORT_STRIKE,0.49,PORT005,Los Angeles Port,MAN004,Foxconn,PROD004,Smartphone,Shanghai-Los Angeles Route,WH002,Chicago Distribution Center,MARKET002,North American Consumer Market,0.2,9.0
63,PORT_STRIKE,0.49,PORT005,Los Angeles Port,MAN004,Foxconn,PROD005,Laptop,Shanghai-Los Angeles Route,WH002,Chicago Distribution Center,MARKET002,North American Consumer Market,0.2,9.0
63,PORT_STRIKE,0.49,PORT005,Los Angeles Port,MAN001,TSMC,PROD001,Advanced Semiconductor,Taipei-Los Angeles Route,WH004,Los Angeles Distribution Center,MARKET002,North American Consumer Market,0.2071,9.32
63,PORT_STRIKE,0.49,PORT005,Los Angeles Port,MAN002,Samsung Electronics,PROD002,Memory Chip,Shanghai-Los Angeles Route,WH004,Los Angeles Distribution Center,MARKET002,North American Consumer Market,0.1999,9.0
63,PORT_STRIKE,0.49,PORT005,Los Angeles Port,MAN004,Foxconn,PROD004,Smartphone,Shanghai-Los Angeles Route,WH004,Los Angeles Distribution Center,MARKET002,North American Consumer Market,0.2,9.0
63,PORT_STRIKE,0.49,PORT005,Los Angeles Port,MAN004,Foxconn,PROD005,Laptop,Shanghai-Los Angeles Route,WH004,Los Angeles Distribution Center,MARKET002,North American Consumer Market,0.2,9.0
64,INFRASTRUCTURE_FAILURE,0.86,PORT003,Rotterdam Port,MAN001,TSMC,PROD001,Advanced Semiconductor,Taipei-Rotterdam Route,WH001,Amsterdam Distribution Center,MARKET001,European Consumer Market,0.3132,14.09
64,INFRASTRUCTURE_FAILURE,0.86,PORT003,Rotterdam Port,MAN002,Samsung Electronics,PROD002,Memory Chip,Shanghai-Rotterdam Route,WH001,Amsterdam Distribution Center,MARKET001,European Consumer Market,0.3188,14.35
64,INFRASTRUCTURE_FAILURE,0.86,PORT003,Rotterdam Port,MAN004,Foxconn,PROD004,Smartphone,Shanghai-Rotterdam Route,WH001,Amsterdam Distribution Center,MARKET001,European Consumer Market,0.3189,14.35
64,INFRASTRUCTURE_FAILURE,0.86,PORT003,Rotterdam Port,MAN004,Foxconn,PROD005,Laptop,Shanghai-Rotterdam Route,WH001,Amsterdam Distribution Center,MARKET001,European Consumer Market,0.3189,14.35
64,INFRASTRUCTURE_FAILURE,0.86,PORT003,Rotterdam Port,MAN003,Infineon Technologies,PROD003,Automotive Chip,Hamburg-Rotterdam Route,WH001,Amsterdam Distribution Center,MARKET001,European Consumer Market,0.2338,10.52
65,PORT_CLOSURE,0.97,PORT003,Rotterdam Port,MAN001,TSMC,PROD001,Advanced Semiconductor,Taipei-Rotterdam Route,WH001,Amsterdam Distribution Center,MARKET001,European Consumer Market,0.3969,17.86
65,PORT_CLOSURE,0.97,PORT003,Rotterdam Port,MAN002,Samsung Electronics,PROD002,Memory Chip,Shanghai-Rotterdam Route,WH001,Amsterdam Distribution Center,MARKET001,European Consumer Market,0.4036,18.16
65,PORT_CLOSURE,0.97,PORT003,Rotterdam Port,MAN004,Foxconn,PROD004,Smartphone,Shanghai-Rotterdam Route,WH001,Amsterdam Distribution Center,MARKET001,European Consumer Market,0.4037,18.17
65,PORT_CLOSURE,0.97,PORT003,Rotterdam Port,MAN004,Foxconn,PROD005,Laptop,Shanghai-Rotterdam Route,WH001,Amsterdam Distribution Center,MARKET001,European Consumer Market,0.4037,18.17
65,PORT_CLOSURE,0.97,PORT003,Rotterdam Port,MAN003,Infineon Technologies,PROD003,Automotive Chip,Hamburg-Rotterdam Route,WH001,Amsterdam Distribution Center,MARKET001,European Consumer Market,0.3031,13.64
66,PORT_STRIKE,0.84,PORT005,Los Angeles Port,MAN001,TSMC,PROD001,Advanced Semiconductor,Taipei-Los Angeles Route,WH002,Chicago Distribution Center,MARKET002,North American Consumer Market,0.2727,12.27
66,PORT_STRIKE,0.84,PORT005,Los Angeles Port,MAN002,Samsung Electronics,PROD002,Memory Chip,Shanghai-Los Angeles Route,WH002,Chicago Distribution Center,MARKET002,North American Consumer Market,0.2655,11.95
66,PORT_STRIKE,0.84,PORT005,Los Angeles Port,MAN004,Foxconn,PROD004,Smartphone,Shanghai-Los Angeles Route,WH002,Chicago Distribution Center,MARKET002,North American Consumer Market,0.2656,11.95
66,PORT_STRIKE,0.84,PORT005,Los Angeles Port,MAN004,Foxconn,PROD005,Laptop,Shanghai-Los Angeles Route,WH002,Chicago Distribution Center,MARKET002,North American Consumer Market,0.2656,11.95
66,PORT_STRIKE,0.84,PORT005,Los Angeles Port,MAN001,TSMC,PROD001,Advanced Semiconductor,Taipei-Los Angeles Route,WH004,Los Angeles Distribution Center,MARKET002,North American Consumer Market,0.2727,12.27
66,PORT_STRIKE,0.84,PORT005,Los Angeles Port,MAN002,Samsung Electronics,PROD002,Memory Chip,Shanghai-Los Angeles Route,WH004,Los Angeles Distribution Center,MARKET002,North American Consumer Market,0.2655,11.95
66,PORT_STRIKE,0.84,PORT005,Los Angeles Port,MAN004,Foxconn,PROD004,Smartphone,Shanghai-Los Angeles Route,WH004,Los Angeles Distribution Center,MARKET002,North American Consumer Market,0.2656,11.95
66,PORT_STRIKE,0.84,PORT005,Los Angeles Port,MAN004,Foxconn,PROD005,Laptop,Shanghai-Los Angeles Route,WH004,Los Angeles Distribution Center,MARKET002,North American Consumer Market,0.2656,11.95
67,INFRASTRUCTURE_FAILURE,0.62,PORT003,Rotterdam Port,MAN001,TSMC,PROD001,Advanced Semiconductor,Taipei-Rotterdam Route,WH001,Amsterdam Distribution Center,MARKET001,European Consumer Market,0.2637,11.87
67,INFRASTRUCTURE_FAILURE,0.62,PORT003,Rotterdam Port,MAN002,Samsung Electronics,PROD002,Memory Chip,Shanghai-Rotterdam Route,WH001,Amsterdam Distribution Center,MARKET001,European Consumer Market,0.2693,12.12
67,INFRASTRUCTURE_FAILURE,0.62,PORT003,Rotterdam Port,MAN004,Foxconn,PROD004,Smartphone,Shanghai-Rotterdam Route,WH001,Amsterdam Distribution Center,MARKET001,European Consumer Market,0.2694,12.12
67,INFRASTRUCTURE_FAILURE,0.62,PORT003,Rotterdam Port,MAN004,Foxconn,PROD005,Laptop,Shanghai-Rotterdam Route,WH001,Amsterdam Distribution Center,MARKET001,European Consumer Market,0.2694,12.12
67,INFRASTRUCTURE_FAILURE,0.62,PORT003,Rotterdam Port,MAN003,Infineon Technologies,PROD003,Automotive Chip,Hamburg-Rotterdam Route,WH001,Amsterdam Distribution Center,MARKET001,European Consumer Market,0.1843,8.29
68,PORT_CLOSURE,0.67,PORT003,Rotterdam Port,MAN001,TSMC,PROD001,Advanced Semiconductor,Taipei-Rotterdam Route,WH001,Amsterdam Distribution Center,MARKET001,European Consumer Market,0.3238,14.57
68,PORT_CLOSURE,0.67,PORT003,Rotterdam Port,MAN002,Samsung Electronics,PROD002,Memory Chip,Shanghai-Rotterdam Route,WH001,Amsterdam Distribution Center,MARKET001,European Consumer Market,0.3304,14.87
68,PORT_CLOSURE,0.67,PORT003,Rotterdam Port,MAN004,Foxconn,PROD004,Smartphone,Shanghai-Rotterdam Route,WH001,Amsterdam Distribution Center,MARKET001,European Consumer Market,0.3306,14.88
68,PORT_CLOSURE,0.67,PORT003,Rotterdam Port,MAN004,Foxconn,PROD005,Laptop,Shanghai-Rotterdam Route,WH001,Amsterdam Distribution Center,MARKET001,European Consumer Market,0.3306,14.88
68,PORT_CLOSURE,0.67,PORT003,Rotterdam Port,MAN003,Infineon Technologies,PROD003,Automotive Chip,Hamburg-Rotterdam Route,WH001,Amsterdam Distribution Center,MARKET001,European Consumer Market,0.2299,10.35
69,SEVERE_WEATHER,0.87,PORT005,Los Angeles Port,MAN001,TSMC,PROD001,Advanced Semiconductor,Taipei-Los Angeles Route,WH002,Chicago Distribution Center,MARKET002,North American Consumer Market,0.32,14.4
69,SEVERE_WEATHER,0.87,PORT005,Los Angeles Port,MAN002,Samsung Electronics,PROD002,Memory Chip,Shanghai-Los Angeles Route,WH002,Chicago Distribution Center,MARKET002,North American Consumer Market,0.3118,14.03
69,SEVERE_WEATHER,0.87,PORT005,Los Angeles Port,MAN004,Foxconn,PROD004,Smartphone,Shanghai-Los Angeles Route,WH002,Chicago Distribution Center,MARKET002,North American Consumer Market,0.3119,14.04
69,SEVERE_WEATHER,0.87,PORT005,Los Angeles Port,MAN004,Foxconn,PROD005,Laptop,Shanghai-Los Angeles Route,WH002,Chicago Distribution Center,MARKET002,North American Consumer Market,0.3119,14.04
69,SEVERE_WEATHER,0.87,PORT005,Los Angeles Port,MAN001,TSMC,PROD001,Advanced Semiconductor,Taipei-Los Angeles Route,WH004,Los Angeles Distribution Center,MARKET002,North American Consumer Market,0.32,14.4
69,SEVERE_WEATHER,0.87,PORT005,Los Angeles Port,MAN002,Samsung Electronics,PROD002,Memory Chip,Shanghai-Los Angeles Route,WH004,Los Angeles Distribution Center,MARKET002,North American Consumer Market,0.3118,14.03
69,SEVERE_WEATHER,0.87,PORT005,Los Angeles Port,MAN004,Foxconn,PROD004,Smartphone,Shanghai-Los Angeles Route,WH004,Los Angeles Distribution Center,MARKET002,North American Consumer Market,0.3119,14.04
69,SEVERE_WEATHER,0.87,PORT005,Los Angeles Port,MAN004,Foxconn,PROD005,Laptop,Shanghai-Los Angeles Route,WH004,Los Angeles Distribution Center,MARKET002,North American Consumer Market,0.3119,14.04
70,SEVERE_WEATHER,0.97,PORT005,Los Angeles Port,MAN001,TSMC,PROD001,Advanced Semiconductor,Taipei-Los Angeles Route,WH002,Chicago Distribution Center,MARKET002,North American Consumer Market,0.3416,15.37
70,SEVERE_WEATHER,0.97,PORT005,Los Angeles Port,MAN002,Samsung Electronics,PROD002,Memory Chip,Shanghai-Los Angeles Route,WH002,Chicago Distribution Center,MARKET002,North American Consumer Market,0.3334,15.0
70,SEVERE_WEATHER,0.97,PORT005,Los Angeles Port,MAN004,Foxconn,PROD004,Smartphone,Shanghai-Los Angeles Route,WH002,Chicago Distribution Center,MARKET002,North American Consumer Market,0.3335,15.01
70,SEVERE_WEATHER,0.97,PORT005,Los Angeles Port,MAN004,Foxconn,PROD005,Laptop,Shanghai-Los Angeles Route,WH002,Chicago Distribution Center,MARKET002,North American Consumer Market,0.3335,15.01
70,SEVERE_WEATHER,0.97,PORT005,Los Angeles Port,MAN001,TSMC,PROD001,Advanced Semiconductor,Taipei-Los Angeles Route,WH004,Los Angeles Distribution Center,MARKET002,North American Consumer Market,0.3416,15.37
70,SEVERE_WEATHER,0.97,PORT005,Los Angeles Port,MAN002,Samsung Electronics,PROD002,Memory Chip,Shanghai-Los Angeles Route,WH004,Los Angeles Distribution Center,MARKET002,North American Consumer Market,0.3334,15.0
70,SEVERE_WEATHER,0.97,PORT005,Los Angeles Port,MAN004,Foxconn,PROD004,Smartphone,Shanghai-Los Angeles Route,WH004,Los Angeles Distribution Center,MARKET002,North American Consumer Market,0.3335,15.01
70,SEVERE_WEATHER,0.97,PORT005,Los Angeles Port,MAN004,Foxconn,PROD005,Laptop,Shanghai-Los Angeles Route,WH004,Los Angeles Distribution Center,MARKET002,North American Consumer Market,0.3335,15.01
71,PORT_CLOSURE,0.55,PORT005,Los Angeles Port,MAN001,TSMC,PROD001,Advanced Semiconductor,Taipei-Los Angeles Route,WH002,Chicago Distribution Center,MARKET002,North American Consumer Market,0.2838,12.77
71,PORT_CLOSURE,0.55,PORT005,Los Angeles Port,MAN002,Samsung Electronics,PROD002,Memory Chip,Shanghai-Los Angeles Route,WH002,Chicago Distribution Center,MARKET002,North American Consumer Market,0.2745,12.35
71,PORT_CLOSURE,0.55,PORT005,Los Angeles Port,MAN004,Foxconn,PROD004,Smartphone,Shanghai-Los Angeles Route,WH002,Chicago Distribution Center,MARKET002,North American Consumer Market,0.2746,12.36
71,PORT_CLOSURE,0.55,PORT005,Los Angeles Port,MAN004,Foxconn,PROD005,Laptop,Shanghai-Los Angeles Route,WH002,Chicago Distribution Center,MARKET002,North American Consumer Market,0.2746,12.36
71,PORT_CLOSURE,0.55,PORT005,Los Angeles Port,MAN001,TSMC,PROD001,Advanced Semiconductor,Taipei-Los Angeles Route,WH004,Los Angeles Distribution Center,MARKET002,North American Consumer Market,0.2838,12.77
71,PORT_CLOSURE,0.55,PORT005,Los Angeles Port,MAN002,Samsung Electronics,PROD002,Memory Chip,Shanghai-Los Angeles Route,WH004,Los Angeles Distribution Center,MARKET002,North American Consumer Market,0.2745,12.35
71,PORT_CLOSURE,0.55,PORT005,Los Angeles Port,MAN004,Foxconn,PROD004,Smartphone,Shanghai-Los Angeles Route,WH004,Los Angeles Distribution Center,MARKET002,North American Consumer Market,0.2746,12.36
71,PORT_CLOSURE,0.55,PORT005,Los Angeles Port,MAN004,Foxconn,PROD005,Laptop,Shanghai-Los Angeles Route,WH004,Los Angeles Distribution Center,MARKET002,North American Consumer Market,0.2746,12.36
72,INFRASTRUCTURE_FAILURE,0.44,PORT005,Los Angeles Port,MAN001,TSMC,PROD001,Advanced Semiconductor,Taipei-Los Angeles Route,WH002,Chicago Distribution Center,MARKET002,North American Consumer Market,0.2174,9.78
72,INFRASTRUCTURE_FAILURE,0.44,PORT005,Los Angeles Port,MAN002,Samsung Electronics,PROD002,Memory Chip,Shanghai-Los Angeles Route,WH002,Chicago Distribution Center,MARKET002,North American Consumer Market,0.2096,9.43
72,INFRASTRUCTURE_FAILURE,0.44,PORT005,Los Angeles Port,MAN004,Foxconn,PROD004,Smartphone,Shanghai-Los Angeles Route,WH002,Chicago Distribution Center,MARKET002,North American Consumer Market,0.2097,9.44
72,INFRASTRUCTURE_FAILURE,0.44,PORT005,Los Angeles Port,MAN004,Foxconn,PROD005,Laptop,Shanghai-Los Angeles Route,WH002,Chicago Distribution Center,MARKET002,North American Consumer Market,0.2097,9.44
72,INFRASTRUCTURE_FAILURE,0.44,PORT005,Los Angeles Port,MAN001,TSMC,PROD001,Advanced Semiconductor,Taipei-Los Angeles Route,WH004,Los Angeles Distribution Center,MARKET002,North American Consumer Market,0.2174,9.78
72,INFRASTRUCTURE_FAILURE,0.44,PORT005,Los Angeles Port,MAN002,Samsung Electronics,PROD002,Memory Chip,Shanghai-Los Angeles Route,WH004,Los Angeles Distribution Center,MARKET002,North American Consumer Market,0.2096,9.43
72,INFRASTRUCTURE_FAILURE,0.44,PORT005,Los Angeles Port,MAN004,Foxconn,PROD004,Smartphone,Shanghai-Los Angeles Route,WH004,Los Angeles Distribution Center,MARKET002,North American Consumer Market,0.2097,9.44
72,INFRASTRUCTURE_FAILURE,0.44,PORT005,Los Angeles Port,MAN004,Foxconn,PROD005,Laptop,Shanghai-Los Angeles Route,WH004,Los Angeles Distribution Center,MARKET002,North American Consumer Market,0.2097,9.44
73,PORT_STRIKE,0.48,PORT005,Los Angeles Port,MAN001,TSMC,PROD001,Advanced Semiconductor,Taipei-Los Angeles Route,WH002,Chicago Distribution Center,MARKET002,North American Consumer Market,0.2052,9.23
73,PORT_STRIKE,0.48,PORT005,Los Angeles Port,MAN002,Samsung Electronics,PROD002,Memory Chip,Shanghai-Los Angeles Route,WH002,Chicago Distribution Center,MARKET002,North American Consumer Market,0.198,8.91
73,PORT_STRIKE,0.48,PORT005,Los Angeles Port,MAN004,Foxconn,PROD004,Smartphone,Shanghai-Los Angeles Route,WH002,Chicago Distribution Center,MARKET002,North American Consumer Market,0.1981,8.91
73,PORT_STRIKE,0.48,PORT005,Los Angeles Port,MAN004,Foxconn,PROD005,Laptop,Shanghai-Los Angeles Route,WH002,Chicago Distribution Center,MARKET002,North American Consumer Market,0.1981,8.91
73,PORT_STRIKE,0.48,PORT005,Los Angeles Port,MAN001,TSMC,PROD001,Advanced Semiconductor,Taipei-Los Angeles Route,WH004,Los Angeles Distribution Center,MARKET002,North American Consumer Market,0.2052,9.23
73,PORT_STRIKE,0.48,PORT005,Los Angeles Port,MAN002,Samsung Electronics,PROD002,Memory Chip,Shanghai-Los Angeles Route,WH004,Los Angeles Distribution Center,MARKET002,North American Consumer Market,0.198,8.91
73,PORT_STRIKE,0.48,PORT005,Los Angeles Port,MAN004,Foxconn,PROD004,Smartphone,Shanghai-Los Angeles Route,WH004,Los Angeles Distribution Center,MARKET002,North American Consumer Market,0.1981,8.91
73,PORT_STRIKE,0.48,PORT005,Los Angeles Port,MAN004,Foxconn,PROD005,Laptop,Shanghai-Los Angeles Route,WH004,Los Angeles Distribution Center,MARKET002,North American Consumer Market,0.1981,8.91
74,PORT_STRIKE,0.88,PORT005,Los Angeles Port,MAN001,TSMC,PROD001,Advanced Semiconductor,Taipei-Los Angeles Route,WH002,Chicago Distribution Center,MARKET002,North American Consumer Market,0.2802,12.61
74,PORT_STRIKE,0.88,PORT005,Los Angeles Port,MAN002,Samsung Electronics,PROD002,Memory Chip,Shanghai-Los Angeles Route,WH002,Chicago Distribution Center,MARKET002,North American Consumer Market,0.273,12.29
74,PORT_STRIKE,0.88,PORT005,Los Angeles Port,MAN004,Foxconn,PROD004,Smartphone,Shanghai-Los Angeles Route,WH002,Chicago Distribution Center,MARKET002,North American Consumer Market,0.2731,12.29
74,PORT_STRIKE,0.88,PORT005,Los Angeles Port,MAN004,Foxconn,PROD005,Laptop,Shanghai-Los Angeles Route,WH002,Chicago Distribution Center,MARKET002,North American Consumer Market,0.2731,12.29
74,PORT_STRIKE,0.88,PORT005,Los Angeles Port,MAN001,TSMC,PROD001,Advanced Semiconductor,Taipei-Los Angeles Route,WH004,Los Angeles Distribution Center,MARKET002,North American Consumer Market,0.2802,12.61
74,PORT_STRIKE,0.88,PORT005,Los Angeles Port,MAN002,Samsung Electronics,PROD002,Memory Chip,Shanghai-Los Angeles Route,WH004,Los Angeles Distribution Center,MARKET002,North American Consumer Market,0.273,12.29
74,PORT_STRIKE,0.88,PORT005,Los Angeles Port,MAN004,Foxconn,PROD004,Smartphone,Shanghai-Los Angeles Route,WH004,Los Angeles Distribution Center,MARKET002,North American Consumer Market,0.2731,12.29
74,PORT_STRIKE,0.88,PORT005,Los Angeles Port,MAN004,Foxconn,PROD005,Laptop,Shanghai-Los Angeles Route,WH004,Los Angeles Distribution Center,MARKET002,North American Consumer Market,0.2731,12.29
75,PORT_CLOSURE,0.63,PORT003,Rotterdam Port,MAN001,TSMC,PROD001,Advanced Semiconductor,Taipei-Rotterdam Route,WH001,Amsterdam Distribution Center,MARKET001,European Consumer Market,0.314,14.13
75,PORT_CLOSURE,0.63,PORT003,Rotterdam Port,MAN002,Samsung Electronics,PROD002,Memory Chip,Shanghai-Rotterdam Route,WH001,Amsterdam Distribution Center,MARKET001,European Consumer Market,0.3207,14.43
75,PORT_CLOSURE,0.63,PORT003,Rotterdam Port,MAN004,Foxconn,PROD004,Smartphone,Shanghai-Rotterdam Route,WH001,Amsterdam Distribution Center,MARKET001,European Consumer Market,0.3208,14.44
75,PORT_CLOSURE,0.63,PORT003,Rotterdam Port,MAN004,Foxconn,PROD005,Laptop,Shanghai-Rotterdam Route,WH001,Amsterdam Distribution Center,MARKET001,European Consumer Market,0.3208,14.44
75,PORT_CLOSURE,0.63,PORT003,Rotterdam Port,MAN003,Infineon Technologies,PROD003,Automotive Chip,Hamburg-Rotterdam Route,WH001,Amsterdam Distribution Center,MARKET001,European Consumer Market,0.2202,9.91
76,PORT_STRIKE,0.61,PORT003,Rotterdam Port,MAN001,TSMC,PROD001,Advanced Semiconductor,Taipei-Rotterdam Route,WH001,Amsterdam Distribution Center,MARKET001,European Consumer Market,0.2378,10.7
76,PORT_STRIKE,0.61,PORT003,Rotterdam Port,MAN002,Samsung Electronics,PROD002,Memory Chip,Shanghai-Rotterdam Route,WH001,Amsterdam Distribution Center,MARKET001,European Consumer Market,0.2429,10.93
76,PORT_STRIKE,0.61,PORT003,Rotterdam Port,MAN004,Foxconn,PROD004,Smartphone,Shanghai-Rotterdam Route,WH001,Amsterdam Distribution Center,MARKET001,European Consumer Market,0.243,10.94
76,PORT_STRIKE,0.61,PORT003,Rotterdam Port,MAN004,Foxconn,PROD005,Laptop,Shanghai-Rotterdam Route,WH001,Amsterdam Distribution Center,MARKET001,European Consumer Market,0.243,10.94
76,PORT_STRIKE,0.61,PORT003,Rotterdam Port,MAN003,Infineon Technologies,PROD003,Automotive Chip,Hamburg-Rotterdam Route,WH001,Amsterdam Distribution Center,MARKET001,European Consumer Market,0.1656,7.45
77,SEVERE_WEATHER,0.73,PORT005,Los Angeles Port,MAN001,TSMC,PROD001,Advanced Semiconductor,Taipei-Los Angeles Route,WH002,Chicago Distribution Center,MARKET002,North American Consumer Market,0.2899,13.05
77,SEVERE_WEATHER,0.73,PORT005,Los Angeles Port,MAN002,Samsung Electronics,PROD002,Memory Chip,Shanghai-Los Angeles Route,WH002,Chicago Distribution Center,MARKET002,North American Consumer Market,0.2816,12.67
77,SEVERE_WEATHER,0.73,PORT005,Los Angeles Port,MAN004,Foxconn,PROD004,Smartphone,Shanghai-Los Angeles Route,WH002,Chicago Distribution Center,MARKET002,North American Consumer Market,0.2818,12.68
77,SEVERE_WEATHER,0.73,PORT005,Los Angeles Port,MAN004,Foxconn,PROD005,Laptop,Shanghai-Los Angeles Route,WH002,Chicago Distribution Center,MARKET002,North American Consumer Market,0.2818,12.68
77,SEVERE_WEATHER,0.73,PORT005,Los Angeles Port,MAN001,TSMC,PROD001,Advanced Semiconductor,Taipei-Los Angeles Route,WH004,Los Angeles Distribution Center,MARKET002,North American Consumer Market,0.2899,13.05
77,SEVERE_WEATHER,0.73,PORT005,Los Angeles Port,MAN002,Samsung Electronics,PROD002,Memory Chip,Shanghai-Los Angeles Route,WH004,Los Angeles Distribution Center,MARKET002,North American Consumer Market,0.2816,12.67
77,SEVERE_WEATHER,0.73,PORT005,Los Angeles Port,MAN004,Foxconn,PROD004,Smartphone,Shanghai-Los Angeles Route,WH004,Los Angeles Distribution Center,MARKET002,North American Consumer Market,0.2818,12.68
77,SEVERE_WEATHER,0.73,PORT005,Los Angeles Port,MAN004,Foxconn,PROD005,Laptop,Shanghai-Los Angeles Route,WH004,Los Angeles Distribution Center,MARKET002,North American Consumer Market,0.2818,12.68
78,INFRASTRUCTURE_FAILURE,0.55,PORT005,Los Angeles Port,MAN001,TSMC,PROD001,Advanced Semiconductor,Taipei-Los Angeles Route,WH002,Chicago Distribution Center,MARKET002,North American Consumer Market,0.2401,10.8
78,INFRASTRUCTURE_FAILURE,0.55,PORT005,Los Angeles Port,MAN002,Samsung Electronics,PROD002,Memory Chip,Shanghai-Los Angeles Route,WH002,Chicago Distribution Center,MARKET002,North American Consumer Market,0.2323,10.45
78,INFRASTRUCTURE_FAILURE,0.55,PORT005,Los Angeles Port,MAN004,Foxconn,PROD004,Smartphone,Shanghai-Los Angeles Route,WH002,Chicago Distribution Center,MARKET002,North American Consumer Market,0.2324,10.46
78,INFRASTRUCTURE_FAILURE,0.55,PORT005,Los Angeles Port,MAN004,Foxconn,PROD005,Laptop,Shanghai-Los Angeles Route,WH002,Chicago Distribution Center,MARKET002,North American Consumer Market,0.2324,10.46
78,INFRASTRUCTURE_FAILURE,0.55,PORT005,Los Angeles Port,MAN001,TSMC,PROD001,Advanced Semiconductor,Taipei-Los Angeles Route,WH004,Los Angeles Distribution Center,MARKET002,North American Consumer Market,0.2401,10.8
78,INFRASTRUCTURE_FAILURE,0.55,PORT005,Los Angeles Port,MAN002,Samsung Electronics,PROD002,Memory Chip,Shanghai-Los Angeles Route,WH004,Los Angeles Distribution Center,MARKET002,North American Consumer Market,0.2323,10.45
78,INFRASTRUCTURE_FAILURE,0.55,PORT005,Los Angeles Port,MAN004,Foxconn,PROD004,Smartphone,Shanghai-Los Angeles Route,WH004,Los Angeles Distribution Center,MARKET002,North American Consumer Market,0.2324,10.46
78,INFRASTRUCTURE_FAILURE,0.55,PORT005,Los Angeles Port,MAN004,Foxconn,PROD005,Laptop,Shanghai-Los Angeles Route,WH004,Los Angeles Distribution Center,MARKET002,North American Consumer Market,0.2324,10.46
79,SEVERE_WEATHER,0.53,PORT005,Los Angeles Port,MAN001,TSMC,PROD001,Advanced Semiconductor,Taipei-Los Angeles Route,WH002,Chicago Distribution Center,MARKET002,North American Consumer Market,0.2467,11.1
79,SEVERE_WEATHER,0.53,PORT005,Los Angeles Port,MAN002,Samsung Electronics,PROD002,Memory Chip,Shanghai-Los Angeles Route,WH002,Chicago Distribution Center,MARKET002,North American Consumer Market,0.2385,10.73
79,SEVERE_WEATHER,0.53,PORT005,Los Angeles Port,MAN004,Foxconn,PROD004,Smartphone,Shanghai-Los Angeles Route,WH002,Chicago Distribution Center,MARKET002,North American Consumer Market,0.2386,10.74
79,SEVERE_WEATHER,0.53,PORT005,Los Angeles Port,MAN004,Foxconn,PROD005,Laptop,Shanghai-Los Angeles Route,WH002,Chicago Distribution Center,MARKET002,North American Consumer Market,0.2386,10.74
79,SEVERE_WEATHER,0.53,PORT005,Los Angeles Port,MAN001,TSMC,PROD001,Advanced Semiconductor,Taipei-Los Angeles Route,WH004,Los Angeles Distribution Center,MARKET002,North American Consumer Market,0.2467,11.1
79,SEVERE_WEATHER,0.53,PORT005,Los Angeles Port,MAN002,Samsung Electronics,PROD002,Memory Chip,Shanghai-Los Angeles Route,WH004,Los Angeles Distribution Center,MARKET002,North American Consumer Market,0.2385,10.73
79,SEVERE_WEATHER,0.53,PORT005,Los Angeles Port,MAN004,Foxconn,PROD004,Smartphone,Shanghai-Los Angeles Route,WH004,Los Angeles Distribution Center,MARKET002,North American Consumer Market,0.2386,10.74
79,SEVERE_WEATHER,0.53,PORT005,Los Angeles Port,MAN004,Foxconn,PROD005,Laptop,Shanghai-Los Angeles Route,WH004,Los Angeles Distribution Center,MARKET002,North American Consumer Market,0.2386,10.74
80,PORT_STRIKE,0.94,PORT005,Los Angeles Port,MAN001,TSMC,PROD001,Advanced Semiconductor,Taipei-Los Angeles Route,WH002,Chicago Distribution Center,MARKET002,North American Consumer Market,0.2914,13.11
80,PORT_STRIKE,0.94,PORT005,Los Angeles Port,MAN002,Samsung Electronics,PROD002,Memory Chip,Shanghai-Los Angeles Route,WH002,Chicago Distribution Center,MARKET002,North American Consumer Market,0.2843,12.79
80,PORT_STRIKE,0.94,PORT005,Los Angeles Port,MAN004,Foxconn,PROD004,Smartphone,Shanghai-Los Angeles Route,WH002,Chicago Distribution Center,MARKET002,North American Consumer Market,0.2844,12.8
80,PORT_STRIKE,0.94,PORT005,Los Angeles Port,MAN004,Foxconn,PROD005,Laptop,Shanghai-Los Angeles Route,WH002,Chicago Distribution Center,MARKET002,North American Consumer Market,0.2844,12.8
80,PORT_STRIKE,0.94,PORT005,Los Angeles Port,MAN001,TSMC,PROD001,Advanced Semiconductor,Taipei-Los Angeles Route,WH004,Los Angeles Distribution Center,MARKET002,North American Consumer Market,0.2914,13.11
80,PORT_STRIKE,0.94,PORT005,Los Angeles Port,MAN002,Samsung Electronics,PROD002,Memory Chip,Shanghai-Los Angeles Route,WH004,Los Angeles Distribution Center,MARKET002,North American Consumer Market,0.2843,12.79
80,PORT_STRIKE,0.94,PORT005,Los Angeles Port,MAN004,Foxconn,PROD004,Smartphone,Shanghai-Los Angeles Route,WH004,Los Angeles Distribution Center,MARKET002,North American Consumer Market,0.2844,12.8
80,PORT_STRIKE,0.94,PORT005,Los Angeles Port,MAN004,Foxconn,PROD005,Laptop,Shanghai-Los Angeles Route,WH004,Los Angeles Distribution Center,MARKET002,North American Consumer Market,0.2844,12.8
81,PORT_CLOSURE,0.77,PORT005,Los Angeles Port,MAN001,TSMC,PROD001,Advanced Semiconductor,Taipei-Los Angeles Route,WH002,Chicago Distribution Center,MARKET002,North American Consumer Market,0.3374,15.18
81,PORT_CLOSURE,0.77,PORT005,Los Angeles Port,MAN002,Samsung Electronics,PROD002,Memory Chip,Shanghai-Los Angeles Route,WH002,Chicago Distribution Center,MARKET002,North American Consumer Market,0.3281,14.76
81,PORT_CLOSURE,0.77,PORT005,Los Angeles Port,MAN004,Foxconn,PROD004,Smartphone,Shanghai-Los Angeles Route,WH002,Chicago Distribution Center,MARKET002,North American Consumer Market,0.3282,14.77
81,PORT_CLOSURE,0.77,PORT005,Los Angeles Port,MAN004,Foxconn,PROD005,Laptop,Shanghai-Los Angeles Route,WH002,Chicago Distribution Center,MARKET002,North American Consumer Market,0.3282,14.77
81,PORT_CLOSURE,0.77,PORT005,Los Angeles Port,MAN001,TSMC,PROD001,Advanced Semiconductor,Taipei-Los Angeles Route,WH004,Los Angeles Distribution Center,MARKET002,North American Consumer Market,0.3374,15.18
81,PORT_CLOSURE,0.77,PORT005,Los Angeles Port,MAN002,Samsung Electronics,PROD002,Memory Chip,Shanghai-Los Angeles Route,WH004,Los Angeles Distribution Center,MARKET002,North American Consumer Market,0.3281,14.76
81,PORT_CLOSURE,0.77,PORT005,Los Angeles Port,MAN004,Foxconn,PROD004,Smartphone,Shanghai-Los Angeles Route,WH004,Los Angeles Distribution Center,MARKET002,North American Consumer Market,0.3282,14.77
81,PORT_CLOSURE,0.77,PORT005,Los Angeles Port,MAN004,Foxconn,PROD005,Laptop,Shanghai-Los Angeles Route,WH004,Los Angeles Distribution Center,MARKET002,North American Consumer Market,0.3282,14.77
82,PORT_STRIKE,0.58,PORT003,Rotterdam Port,MAN001,TSMC,PROD001,Advanced Semiconductor,Taipei-Rotterdam Route,WH001,Amsterdam Distribution Center,MARKET001,European Consumer Market,0.2322,10.45
82,PORT_STRIKE,0.58,PORT003,Rotterdam Port,MAN002,Samsung Electronics,PROD002,Memory Chip,Shanghai-Rotterdam Route,WH001,Amsterdam Distribution Center,MARKET001,European Consumer Market,0.2373,10.68
82,PORT_STRIKE,0.58,PORT003,Rotterdam Port,MAN004,Foxconn,PROD004,Smartphone,Shanghai-Rotterdam Route,WH001,Amsterdam Distribution Center,MARKET001,European Consumer Market,0.2374,10.68
82,PORT_STRIKE,0.58,PORT003,Rotterdam Port,MAN004,Foxconn,PROD005,Laptop,Shanghai-Rotterdam Route,WH001,Amsterdam Distribution Center,MARKET001,European Consumer Market,0.2374,10.68
82,PORT_STRIKE,0.58,PORT003,Rotterdam Port,MAN003,Infineon Technologies,PROD003,Automotive Chip,Hamburg-Rotterdam Route,WH001,Amsterdam Distribution Center,MARKET001,European Consumer Market,0.16,7.2
83,PORT_STRIKE,0.65,PORT005,Los Angeles Port,MAN001,TSMC,PROD001,Advanced Semiconductor,Taipei-Los Angeles Route,WH002,Chicago Distribution Center,MARKET002,North American Consumer Market,0.2371,10.67
83,PORT_STRIKE,0.65,PORT005,Los Angeles Port,MAN002,Samsung Electronics,PROD002,Memory Chip,Shanghai-Los Angeles Route,WH002,Chicago Distribution Center,MARKET002,North American Consumer Market,0.2299,10.35
83,PORT_STRIKE,0.65,PORT005,Los Angeles Port,MAN004,Foxconn,PROD004,Smartphone,Shanghai-Los Angeles Route,WH002,Chicago Distribution Center,MARKET002,North American Consumer Market,0.23,10.35
83,PORT_STRIKE,0.65,PORT005,Los Angeles Port,MAN004,Foxconn,PROD005,Laptop,Shanghai-Los Angeles Route,WH002,Chicago Distribution Center,MARKET002,North American Consumer Market,0.23,10.35
83,PORT_STRIKE,0.65,PORT005,Los Angeles Port,MAN001,TSMC,PROD001,Advanced Semiconductor,Taipei-Los Angeles Route,WH004,Los Angeles Distribution Center,MARKET002,North American Consumer Market,0.2371,10.67
83,PORT_STRIKE,0.65,PORT005,Los Angeles Port,MAN002,Samsung Electronics,PROD002,Memory Chip,Shanghai-Los Angeles Route,WH004,Los Angeles Distribution Center,MARKET002,North American Consumer Market,0.2299,10.35
83,PORT_STRIKE,0.65,PORT005,Los Angeles Port,MAN004,Foxconn,PROD004,Smartphone,Shanghai-Los Angeles Route,WH004,Los Angeles Distribution Center,MARKET002,North American Consumer Market,0.23,10.35
83,PORT_STRIKE,0.65,PORT005,Los Angeles Port,MAN004,Foxconn,PROD005,Laptop,Shanghai-Los Angeles Route,WH004,Los Angeles Distribution Center,MARKET002,North American Consumer Market,0.23,10.35
84,PORT_STRIKE,0.48,PORT003,Rotterdam Port,MAN001,TSMC,PROD001,Advanced Semiconductor,Taipei-Rotterdam Route,WH001,Amsterdam Distribution Center,MARKET001,European Consumer Market,0.2134,9.6
84,PORT_STRIKE,0.48,PORT003,Rotterdam Port,MAN002,Samsung Electronics,PROD002,Memory Chip,Shanghai-Rotterdam Route,WH001,Amsterdam Distribution Center,MARKET001,European Consumer Market,0.2186,9.84
84,PORT_STRIKE,0.48,PORT003,Rotterdam Port,MAN004,Foxconn,PROD004,Smartphone,Shanghai-Rotterdam Route,WH001,Amsterdam Distribution Center,MARKET001,European Consumer Market,0.2187,9.84
84,PORT_STRIKE,0.48,PORT003,Rotterdam Port,MAN004,Foxconn,PROD005,Laptop,Shanghai-Rotterdam Route,WH001,Amsterdam Distribution Center,MARKET001,European Consumer Market,0.2187,9.84
84,PORT_STRIKE,0.48,PORT003,Rotterdam Port,MAN003,Infineon Technologies,PROD003,Automotive Chip,Hamburg-Rotterdam Route,WH001,Amsterdam Distribution Center,MARKET001,European Consumer Market,0.1413,6.36
85,INFRASTRUCTURE_FAILURE,0.66,PORT005,Los Angeles Port,MAN001,TSMC,PROD001,Advanced Semiconductor,Taipei-Los Angeles Route,WH002,Chicago Distribution Center,MARKET002,North American Consumer Market,0.2628,11.83
85,INFRASTRUCTURE_FAILURE,0.66,PORT005,Los Angeles Port,MAN002,Samsung Electronics,PROD002,Memory Chip,Shanghai-Los Angeles Route,WH002,Chicago Distribution Center,MARKET002,North American Consumer Market,0.2549,11.47
85,INFRASTRUCTURE_FAILURE,0.66,PORT005,Los Angeles Port,MAN004,Foxconn,PROD004,Smartphone,Shanghai-Los Angeles Route,WH002,Chicago Distribution Center,MARKET002,North American Consumer Market,0.2551,11.48
85,INFRASTRUCTURE_FAILURE,0.66,PORT005,Los Angeles Port,MAN004,Foxconn,PROD005,Laptop,Shanghai-Los Angeles Route,WH002,Chicago Distribution Center,MARKET002,North American Consumer Market,0.2551,11.48
85,INFRASTRUCTURE_FAILURE,0.66,PORT005,Los Angeles Port,MAN001,TSMC,PROD001,Advanced Semiconductor,Taipei-Los Angeles Route,WH004,Los Angeles Distribution Center,MARKET002,North American Consumer Market,0.2628,11.83
85,INFRASTRUCTURE_FAILURE,0.66,PORT005,Los Angeles Port,MAN002,Samsung Electronics,PROD002,Memory Chip,Shanghai-Los Angeles Route,WH004,Los Angeles Distribution Center,MARKET002,North American Consumer Market,0.2549,11.47
85,INFRASTRUCTURE_FAILURE,0.66,PORT005,Los Angeles Port,MAN004,Foxconn,PROD004,Smartphone,Shanghai-Los Angeles Route,WH004,Los Angeles Distribution Center,MARKET002,North American Consumer Market,0.2551,11.48
85,INFRASTRUCTURE_FAILURE,0.66,PORT005,Los Angeles Port,MAN004,Foxconn,PROD005,Laptop,Shanghai-Los Angeles Route,WH004,Los Angeles Distribution Center,MARKET002,North American Consumer Market,0.2551,11.48
86,PORT_CLOSURE,0.61,PORT003,Rotterdam Port,MAN001,TSMC,PROD001,Advanced Semiconductor,Taipei-Rotterdam Route,WH001,Amsterdam Distribution Center,MARKET001,European Consumer Market,0.3092,13.91
86,PORT_CLOSURE,0.61,PORT003,Rotterdam Port,MAN002,Samsung Electronics,PROD002,Memory Chip,Shanghai-Rotterdam Route,WH001,Amsterdam Distribution Center,MARKET001,European Consumer Market,0.3158,14.21
86,PORT_CLOSURE,0.61,PORT003,Rotterdam Port,MAN004,Foxconn,PROD004,Smartphone,Shanghai-Rotterdam Route,WH001,Amsterdam Distribution Center,MARKET001,European Consumer Market,0.316,14.22
86,PORT_CLOSURE,0.61,PORT003,Rotterdam Port,MAN004,Foxconn,PROD005,Laptop,Shanghai-Rotterdam Route,WH001,Amsterdam Distribution Center,MARKET001,European Consumer Market,0.316,14.22
86,PORT_CLOSURE,0.61,PORT003,Rotterdam Port,MAN003,Infineon Technologies,PROD003,Automotive Chip,Hamburg-Rotterdam Route,WH001,Amsterdam Distribution Center,MARKET001,European Consumer Market,0.2153,9.69
87,SEVERE_WEATHER,0.57,PORT003,Rotterdam Port,MAN001,TSMC,PROD001,Advanced Semiconductor,Taipei-Rotterdam Route,WH001,Amsterdam Distribution Center,MARKET001,European Consumer Market,0.2649,11.92
87,SEVERE_WEATHER,0.57,PORT003,Rotterdam Port,MAN002,Samsung Electronics,PROD002,Memory Chip,Shanghai-Rotterdam Route,WH001,Amsterdam Distribution Center,MARKET001,European Consumer Market,0.2707,12.18
87,SEVERE_WEATHER,0.57,PORT003,Rotterdam Port,MAN004,Foxconn,PROD004,Smartphone,Shanghai-Rotterdam Route,WH001,Amsterdam Distribution Center,MARKET001,European Consumer Market,0.2709,12.19
87,SEVERE_WEATHER,0.57,PORT003,Rotterdam Port,MAN004,Foxconn,PROD005,Laptop,Shanghai-Rotterdam Route,WH001,Amsterdam Distribution Center,MARKET001,European Consumer Market,0.2709,12.19
87,SEVERE_WEATHER,0.57,PORT003,Rotterdam Port,MAN003,Infineon Technologies,PROD003,Automotive Chip,Hamburg-Rotterdam Route,WH001,Amsterdam Distribution Center,MARKET001,European Consumer Market,0.1818,8.18
88,INFRASTRUCTURE_FAILURE,0.78,PORT003,Rotterdam Port,MAN001,TSMC,PROD001,Advanced Semiconductor,Taipei-Rotterdam Route,WH001,Amsterdam Distribution Center,MARKET001,European Consumer Market,0.2967,13.35
88,INFRASTRUCTURE_FAILURE,0.78,PORT003,Rotterdam Port,MAN002,Samsung Electronics,PROD002,Memory Chip,Shanghai-Rotterdam Route,WH001,Amsterdam Distribution Center,MARKET001,European Consumer Market,0.3023,13.6
88,INFRASTRUCTURE_FAILURE,0.78,PORT003,Rotterdam Port,MAN004,Foxconn,PROD004,Smartphone,Shanghai-Rotterdam Route,WH001,Amsterdam Distribution Center,MARKET001,European Consumer Market,0.3024,13.61
88,INFRASTRUCTURE_FAILURE,0.78,PORT003,Rotterdam Port,MAN004,Foxconn,PROD005,Laptop,Shanghai-Rotterdam Route,WH001,Amsterdam Distribution Center,MARKET001,European Consumer Market,0.3024,13.61
88,INFRASTRUCTURE_FAILURE,0.78,PORT003,Rotterdam Port,MAN003,Infineon Technologies,PROD003,Automotive Chip,Hamburg-Rotterdam Route,WH001,Amsterdam Distribution Center,MARKET001,European Consumer Market,0.2172,9.77
89,SEVERE_WEATHER,0.44,PORT005,Los Angeles Port,MAN001,TSMC,PROD001,Advanced Semiconductor,Taipei-Los Angeles Route,WH002,Chicago Distribution Center,MARKET002,North American Consumer Market,0.2273,10.23
89,SEVERE_WEATHER,0.44,PORT005,Los Angeles Port,MAN002,Samsung Electronics,PROD002,Memory Chip,Shanghai-Los Angeles Route,WH002,Chicago Distribution Center,MARKET002,North American Consumer Market,0.2191,9.86
89,SEVERE_WEATHER,0.44,PORT005,Los Angeles Port,MAN004,Foxconn,PROD004,Smartphone,Shanghai-Los Angeles Route,WH002,Chicago Distribution Center,MARKET002,North American Consumer Market,0.2192,9.86
89,SEVERE_WEATHER,0.44,PORT005,Los Angeles Port,MAN004,Foxconn,PROD005,Laptop,Shanghai-Los Angeles Route,WH002,Chicago Distribution Center,MARKET002,North American Consumer Market,0.2192,9.86
89,SEVERE_WEATHER,0.44,PORT005,Los Angeles Port,MAN001,TSMC,PROD001,Advanced Semiconductor,Taipei-Los Angeles Route,WH004,Los Angeles Distribution Center,MARKET002,North American Consumer Market,0.2273,10.23
89,SEVERE_WEATHER,0.44,PORT005,Los Angeles Port,MAN002,Samsung Electronics,PROD002,Memory Chip,Shanghai-Los Angeles Route,WH004,Los Angeles Distribution Center,MARKET002,North American Consumer Market,0.2191,9.86
89,SEVERE_WEATHER,0.44,PORT005,Los Angeles Port,MAN004,Foxconn,PROD004,Smartphone,Shanghai-Los Angeles Route,WH004,Los Angeles Distribution Center,MARKET002,North American Consumer Market,0.2192,9.86
89,SEVERE_WEATHER,0.44,PORT005,Los Angeles Port,MAN004,Foxconn,PROD005,Laptop,Shanghai-Los Angeles Route,WH004,Los Angeles Distribution Center,MARKET002,North American Consumer Market,0.2192,9.86
90,PORT_CLOSURE,0.4,PORT005,Los Angeles Port,MAN001,TSMC,PROD001,Advanced Semiconductor,Taipei-Los Angeles Route,WH002,Chicago Distribution Center,MARKET002,North American Consumer Market,0.2472,11.12
90,PORT_CLOSURE,0.4,PORT005,Los Angeles Port,MAN002,Samsung Electronics,PROD002,Memory Chip,Shanghai-Los Angeles Route,WH002,Chicago Distribution Center,MARKET002,North American Consumer Market,0.2379,10.71
90,PORT_CLOSURE,0.4,PORT005,Los Angeles Port,MAN004,Foxconn,PROD004,Smartphone,Shanghai-Los Angeles Route,WH002,Chicago Distribution Center,MARKET002,North American Consumer Market,0.2381,10.71
90,PORT_CLOSURE,0.4,PORT005,Los Angeles Port,MAN004,Foxconn,PROD005,Laptop,Shanghai-Los Angeles Route,WH002,Chicago Distribution Center,MARKET002,North American Consumer Market,0.2381,10.71
90,PORT_CLOSURE,0.4,PORT005,Los Angeles Port,MAN001,TSMC,PROD001,Advanced Semiconductor,Taipei-Los Angeles Route,WH004,Los Angeles Distribution Center,MARKET002,North American Consumer Market,0.2472,11.12
90,PORT_CLOSURE,0.4,PORT005,Los Angeles Port,MAN002,Samsung Electronics,PROD002,Memory Chip,Shanghai-Los Angeles Route,WH004,Los Angeles Distribution Center,MARKET002,North American Consumer Market,0.2379,10.71
90,PORT_CLOSURE,0.4,PORT005,Los Angeles Port,MAN004,Foxconn,PROD004,Smartphone,Shanghai-Los Angeles Route,WH004,Los Angeles Distribution Center,MARKET002,North American Consumer Market,0.2381,10.71
90,PORT_CLOSURE,0.4,PORT005,Los Angeles Port,MAN004,Foxconn,PROD005,Laptop,Shanghai-Los Angeles Route,WH004,Los Angeles Distribution Center,MARKET002,North American Consumer Market,0.2381,10.71
91,PORT_CLOSURE,0.9,PORT003,Rotterdam Port,MAN001,TSMC,PROD001,Advanced Semiconductor,Taipei-Rotterdam Route,WH001,Amsterdam Distribution Center,MARKET001,European Consumer Market,0.3798,17.09
91,PORT_CLOSURE,0.9,PORT003,Rotterdam Port,MAN002,Samsung Electronics,PROD002,Memory Chip,Shanghai-Rotterdam Route,WH001,Amsterdam Distribution Center,MARKET001,European Consumer Market,0.3865,17.39
91,PORT_CLOSURE,0.9,PORT003,Rotterdam Port,MAN004,Foxconn,PROD004,Smartphone,Shanghai-Rotterdam Route,WH001,Amsterdam Distribution Center,MARKET001,European Consumer Market,0.3866,17.4
91,PORT_CLOSURE,0.9,PORT003,Rotterdam Port,MAN004,Foxconn,PROD005,Laptop,Shanghai-Rotterdam Route,WH001,Amsterdam Distribution Center,MARKET001,European Consumer Market,0.3866,17.4
91,PORT_CLOSURE,0.9,PORT003,Rotterdam Port,MAN003,Infineon Technologies,PROD003,Automotive Chip,Hamburg-Rotterdam Route,WH001,Amsterdam Distribution Center,MARKET001,European Consumer Market,0.286,12.87
92,SEVERE_WEATHER,0.42,PORT005,Los Angeles Port,MAN001,TSMC,PROD001,Advanced Semiconductor,Taipei-Los Angeles Route,WH002,Chicago Distribution Center,MARKET002,North American Consumer Market,0.223,10.04
92,SEVERE_WEATHER,0.42,PORT005,Los Angeles Port,MAN002,Samsung Electronics,PROD002,Memory Chip,Shanghai-Los Angeles Route,WH002,Chicago Distribution Center,MARKET002,North American Consumer Market,0.2148,9.67
92,SEVERE_WEATHER,0.42,PORT005,Los Angeles Port,MAN004,Foxconn,PROD004,Smartphone,Shanghai-Los Angeles Route,WH002,Chicago Distribution Center,MARKET002,North American Consumer Market,0.2149,9.67
92,SEVERE_WEATHER,0.42,PORT005,Los Angeles Port,MAN004,Foxconn,PROD005,Laptop,Shanghai-Los Angeles Route,WH002,Chicago Distribution Center,MARKET002,North American Consumer Market,0.2149,9.67
92,SEVERE_WEATHER,0.42,PORT005,Los Angeles Port,MAN001,TSMC,PROD001,Advanced Semiconductor,Taipei-Los Angeles Route,WH004,Los Angeles Distribution Center,MARKET002,North American Consumer Market,0.223,10.04
92,SEVERE_WEATHER,0.42,PORT005,Los Angeles Port,MAN002,Samsung Electronics,PROD002,Memory Chip,Shanghai-Los Angeles Route,WH004,Los Angeles Distribution Center,MARKET002,North American Consumer Market,0.2148,9.67
92,SEVERE_WEATHER,0.42,PORT005,Los Angeles Port,MAN004,Foxconn,PROD004,Smartphone,Shanghai-Los Angeles Route,WH004,Los Angeles Distribution Center,MARKET002,North American Consumer Market,0.2149,9.67
92,SEVERE_WEATHER,0.42,PORT005,Los Angeles Port,MAN004,Foxconn,PROD005,Laptop,Shanghai-Los Angeles Route,WH004,Los Angeles Distribution Center,MARKET002,North American Consumer Market,0.2149,9.67
93,SEVERE_WEATHER,0.41,PORT003,Rotterdam Port,MAN001,TSMC,PROD001,Advanced Semiconductor,Taipei-Rotterdam Route,WH001,Amsterdam Distribution Center,MARKET001,European Consumer Market,0.2304,10.37
93,SEVERE_WEATHER,0.41,PORT003,Rotterdam Port,MAN002,Samsung Electronics,PROD002,Memory Chip,Shanghai-Rotterdam Route,WH001,Amsterdam Distribution Center,MARKET001,European Consumer Market,0.2362,10.63
93,SEVERE_WEATHER,0.41,PORT003,Rotterdam Port,MAN004,Foxconn,PROD004,Smartphone,Shanghai-Rotterdam Route,WH001,Amsterdam Distribution Center,MARKET001,European Consumer Market,0.2364,10.64
93,SEVERE_WEATHER,0.41,PORT003,Rotterdam Port,MAN004,Foxconn,PROD005,Laptop,Shanghai-Rotterdam Route,WH001,Amsterdam Distribution Center,MARKET001,European Consumer Market,0.2364,10.64
93,SEVERE_WEATHER,0.41,PORT003,Rotterdam Port,MAN003,Infineon Technologies,PROD003,Automotive Chip,Hamburg-Rotterdam Route,WH001,Amsterdam Distribution Center,MARKET001,European Consumer Market,0.1473,6.63
94,PORT_CLOSURE,0.9,PORT003,Rotterdam Port,MAN001,TSMC,PROD001,Advanced Semiconductor,Taipei-Rotterdam Route,WH001,Amsterdam Distribution Center,MARKET001,European Consumer Market,0.3798,17.09
94,PORT_CLOSURE,0.9,PORT003,Rotterdam Port,MAN002,Samsung Electronics,PROD002,Memory Chip,Shanghai-Rotterdam Route,WH001,Amsterdam Distribution Center,MARKET001,European Consumer Market,0.3865,17.39
94,PORT_CLOSURE,0.9,PORT003,Rotterdam Port,MAN004,Foxconn,PROD004,Smartphone,Shanghai-Rotterdam Route,WH001,Amsterdam Distribution Center,MARKET001,European Consumer Market,0.3866,17.4
94,PORT_CLOSURE,0.9,PORT003,Rotterdam Port,MAN004,Foxconn,PROD005,Laptop,Shanghai-Rotterdam Route,WH001,Amsterdam Distribution Center,MARKET001,European Consumer Market,0.3866,17.4
94,PORT_CLOSURE,0.9,PORT003,Rotterdam Port,MAN003,Infineon Technologies,PROD003,Automotive Chip,Hamburg-Rotterdam Route,WH001,Amsterdam Distribution Center,MARKET001,European Consumer Market,0.286,12.87
95,PORT_CLOSURE,0.93,PORT003,Rotterdam Port,MAN001,TSMC,PROD001,Advanced Semiconductor,Taipei-Rotterdam Route,WH001,Amsterdam Distribution Center,MARKET001,European Consumer Market,0.3872,17.42
95,PORT_CLOSURE,0.93,PORT003,Rotterdam Port,MAN002,Samsung Electronics,PROD002,Memory Chip,Shanghai-Rotterdam Route,WH001,Amsterdam Distribution Center,MARKET001,European Consumer Market,0.3938,17.72
95,PORT_CLOSURE,0.93,PORT003,Rotterdam Port,MAN004,Foxconn,PROD004,Smartphone,Shanghai-Rotterdam Route,WH001,Amsterdam Distribution Center,MARKET001,European Consumer Market,0.394,17.73
95,PORT_CLOSURE,0.93,PORT003,Rotterdam Port,MAN004,Foxconn,PROD005,Laptop,Shanghai-Rotterdam Route,WH001,Amsterdam Distribution Center,MARKET001,European Consumer Market,0.394,17.73
95,PORT_CLOSURE,0.93,PORT003,Rotterdam Port,MAN003,Infineon Technologies,PROD003,Automotive Chip,Hamburg-Rotterdam Route,WH001,Amsterdam Distribution Center,MARKET001,European Consumer Market,0.2933,13.2
96,SEVERE_WEATHER,0.91,PORT005,Los Angeles Port,MAN001,TSMC,PROD001,Advanced Semiconductor,Taipei-Los Angeles Route,WH002,Chicago Distribution Center,MARKET002,North American Consumer Market,0.3287,14.79
96,SEVERE_WEATHER,0.91,PORT005,Los Angeles Port,MAN002,Samsung Electronics,PROD002,Memory Chip,Shanghai-Los Angeles Route,WH002,Chicago Distribution Center,MARKET002,North American Consumer Market,0.3204,14.42
96,SEVERE_WEATHER,0.91,PORT005,Los Angeles Port,MAN004,Foxconn,PROD004,Smartphone,Shanghai-Los Angeles Route,WH002,Chicago Distribution Center,MARKET002,North American Consumer Market,0.3206,14.43
96,SEVERE_WEATHER,0.91,PORT005,Los Angeles Port,MAN004,Foxconn,PROD005,Laptop,Shanghai-Los Angeles Route,WH002,Chicago Distribution Center,MARKET002,North American Consumer Market,0.3206,14.43
96,SEVERE_WEATHER,0.91,PORT005,Los Angeles Port,MAN001,TSMC,PROD001,Advanced Semiconductor,Taipei-Los Angeles Route,WH004,Los Angeles Distribution Center,MARKET002,North American Consumer Market,0.3287,14.79
96,SEVERE_WEATHER,0.91,PORT005,Los Angeles Port,MAN002,Samsung Electronics,PROD002,Memory Chip,Shanghai-Los Angeles Route,WH004,Los Angeles Distribution Center,MARKET002,North American Consumer Market,0.3204,14.42
96,SEVERE_WEATHER,0.91,PORT005,Los Angeles Port,MAN004,Foxconn,PROD004,Smartphone,Shanghai-Los Angeles Route,WH004,Los Angeles Distribution Center,MARKET002,North American Consumer Market,0.3206,14.43
96,SEVERE_WEATHER,0.91,PORT005,Los Angeles Port,MAN004,Foxconn,PROD005,Laptop,Shanghai-Los Angeles Route,WH004,Los Angeles Distribution Center,MARKET002,North American Consumer Market,0.3206,14.43
97,PORT_CLOSURE,0.56,PORT005,Los Angeles Port,MAN001,TSMC,PROD001,Advanced Semiconductor,Taipei-Los Angeles Route,WH002,Chicago Distribution Center,MARKET002,North American Consumer Market,0.2862,12.88
97,PORT_CLOSURE,0.56,PORT005,Los Angeles Port,MAN002,Samsung Electronics,PROD002,Memory Chip,Shanghai-Los Angeles Route,WH002,Chicago Distribution Center,MARKET002,North American Consumer Market,0.2769,12.46
97,PORT_CLOSURE,0.56,PORT005,Los Angeles Port,MAN004,Foxconn,PROD004,Smartphone,Shanghai-Los Angeles Route,WH002,Chicago Distribution Center,MARKET002,North American Consumer Market,0.2771,12.47
97,PORT_CLOSURE,0.56,PORT005,Los Angeles Port,MAN004,Foxconn,PROD005,Laptop,Shanghai-Los Angeles Route,WH002,Chicago Distribution Center,MARKET002,North American Consumer Market,0.2771,12.47
97,PORT_CLOSURE,0.56,PORT005,Los Angeles Port,MAN001,TSMC,PROD001,Advanced Semiconductor,Taipei-Los Angeles Route,WH004,Los Angeles Distribution Center,MARKET002,North American Consumer Market,0.2862,12.88
97,PORT_CLOSURE,0.56,PORT005,Los Angeles Port,MAN002,Samsung Electronics,PROD002,Memory Chip,Shanghai-Los Angeles Route,WH004,Los Angeles Distribution Center,MARKET002,North American Consumer Market,0.2769,12.46
97,PORT_CLOSURE,0.56,PORT005,Los Angeles Port,MAN004,Foxconn,PROD004,Smartphone,Shanghai-Los Angeles Route,WH004,Los Angeles Distribution Center,MARKET002,North American Consumer Market,0.2771,12.47
97,PORT_CLOSURE,0.56,PORT005,Los Angeles Port,MAN004,Foxconn,PROD005,Laptop,Shanghai-Los Angeles Route,WH004,Los Angeles Distribution Center,MARKET002,North American Consumer Market,0.2771,12.47
98,PORT_CLOSURE,0.95,PORT003,Rotterdam Port,MAN001,TSMC,PROD001,Advanced Semiconductor,Taipei-Rotterdam Route,WH001,Amsterdam Distribution Center,MARKET001,European Consumer Market,0.392,17.64
98,PORT_CLOSURE,0.95,PORT003,Rotterdam Port,MAN002,Samsung Electronics,PROD002,Memory Chip,Shanghai-Rotterdam Route,WH001,Amsterdam Distribution Center,MARKET001,European Consumer Market,0.3987,17.94
98,PORT_CLOSURE,0.95,PORT003,Rotterdam Port,MAN004,Foxconn,PROD004,Smartphone,Shanghai-Rotterdam Route,WH001,Amsterdam Distribution Center,MARKET001,European Consumer Market,0.3988,17.95
98,PORT_CLOSURE,0.95,PORT003,Rotterdam Port,MAN004,Foxconn,PROD005,Laptop,Shanghai-Rotterdam Route,WH001,Amsterdam Distribution Center,MARKET001,European Consumer Market,0.3988,17.95
98,PORT_CLOSURE,0.95,PORT003,Rotterdam Port,MAN003,Infineon Technologies,PROD003,Automotive Chip,Hamburg-Rotterdam Route,WH001,Amsterdam Distribution Center,MARKET001,European Consumer Market,0.2982,13.42
99,INFRASTRUCTURE_FAILURE,0.61,PORT005,Los Angeles Port,MAN001,TSMC,PROD001,Advanced Semiconductor,Taipei-Los Angeles Route,WH002,Chicago Distribution Center,MARKET002,North American Consumer Market,0.2525,11.36
99,INFRASTRUCTURE_FAILURE,0.61,PORT005,Los Angeles Port,MAN002,Samsung Electronics,PROD002,Memory Chip,Shanghai-Los Angeles Route,WH002,Chicago Distribution Center,MARKET002,North American Consumer Market,0.2446,11.01
99,INFRASTRUCTURE_FAILURE,0.61,PORT005,Los Angeles Port,MAN004,Foxconn,PROD004,Smartphone,Shanghai-Los Angeles Route,WH002,Chicago Distribution Center,MARKET002,North American Consumer Market,0.2448,11.02
99,INFRASTRUCTURE_FAILURE,0.61,PORT005,Los Angeles Port,MAN004,Foxconn,PROD005,Laptop,Shanghai-Los Angeles Route,WH002,Chicago Distribution Center,MARKET002,North American Consumer Market,0.2448,11.02
99,INFRASTRUCTURE_FAILURE,0.61,PORT005,Los Angeles Port,MAN001,TSMC,PROD001,Advanced Semiconductor,Taipei-Los Angeles Route,WH004,Los Angeles Distribution Center,MARKET002,North American Consumer Market,0.2525,11.36
99,INFRASTRUCTURE_FAILURE,0.61,PORT005,Los Angeles Port,MAN002,Samsung Electronics,PROD002,Memory Chip,Shanghai-Los Angeles Route,WH004,Los Angeles Distribution Center,MARKET002,North American Consumer Market,0.2446,11.01
99,INFRASTRUCTURE_FAILURE,0.61,PORT005,Los Angeles Port,MAN004,Foxconn,PROD004,Smartphone,Shanghai-Los Angeles Route,WH004,Los Angeles Distribution Center,MARKET002,North American Consumer Market,0.2448,11.02
99,INFRASTRUCTURE_FAILURE,0.61,PORT005,Los Angeles Port,MAN004,Foxconn,PROD005,Laptop,Shanghai-Los Angeles Route,WH004,Los Angeles Distribution Center,MARKET002,North American Consumer Market,0.2448,11.02
100,SEVERE_WEATHER,0.64,PORT003,Rotterdam Port,MAN001,TSMC,PROD001,Advanced Semiconductor,Taipei-Rotterdam Route,WH001,Amsterdam Distribution Center,MARKET001,European Consumer Market,0.28,12.6
100,SEVERE_WEATHER,0.64,PORT003,Rotterdam Port,MAN002,Samsung Electronics,PROD002,Memory Chip,Shanghai-Rotterdam Route,WH001,Amsterdam Distribution Center,MARKET001,European Consumer Market,0.2858,12.86
100,SEVERE_WEATHER,0.64,PORT003,Rotterdam Port,MAN004,Foxconn,PROD004,Smartphone,Shanghai-Rotterdam Route,WH001,Amsterdam Distribution Center,MARKET001,European Consumer Market,0.286,12.87
100,SEVERE_WEATHER,0.64,PORT003,Rotterdam Port,MAN004,Foxconn,PROD005,Laptop,Shanghai-Rotterdam Route,WH001,Amsterdam Distribution Center,MARKET001,European Consumer Market,0.286,12.87
100,SEVERE_WEATHER,0.64,PORT003,Rotterdam Port,MAN003,Infineon Technologies,PROD003,Automotive Chip,Hamburg-Rotterdam Route,WH001,Amsterdam Distribution Center,MARKET001,European Consumer Market,0.1969,8.86
